comparison,source_name,splits,classes,number_of_images
train_vs_test,1124-Subungual_Melanoma-642x361-slide3_jpg,"test, train",Acral_Lentiginous_Melanoma,3
train_vs_test,116_JPG,"test, train",pitting,3
train_vs_test,119_jpg,"test, train",pitting,3
train_vs_test,11_png,"test, train",pitting,3
train_vs_test,124_JPG,"test, train",pitting,3
train_vs_test,126_JPG,"test, train",pitting,3
train_vs_test,127_JPG,"test, train",pitting,3
train_vs_test,133_JPG,"test, train",pitting,3
train_vs_test,135_JPG,"test, train",pitting,3
train_vs_test,138_JPG,"test, train",pitting,3
train_vs_test,139_jpg,"test, train",pitting,3
train_vs_test,149_JPG,"test, train",pitting,3
train_vs_test,151_JPG,"test, train",pitting,3
train_vs_test,159_JPG,"test, train",pitting,3
train_vs_test,160_JPG,"test, train",pitting,3
train_vs_test,164_JPG,"test, train",pitting,3
train_vs_test,166_jpg,"test, train",pitting,2
train_vs_test,167_jpg,"test, train",pitting,2
train_vs_test,170_jpg,"test, train",pitting,3
train_vs_test,175_jpg,"test, train",pitting,2
train_vs_test,176_JPG,"test, train",pitting,3
train_vs_test,17_JPG,"test, train",pitting,3
train_vs_test,182_JPG,"test, train",pitting,3
train_vs_test,187_JPG,"test, train",pitting,3
train_vs_test,191_JPG,"test, train",pitting,2
train_vs_test,193_JPG,"test, train",pitting,3
train_vs_test,194_JPG,"test, train",pitting,3
train_vs_test,197_JPG,"test, train",pitting,3
train_vs_test,204_JPG,"test, train",pitting,3
train_vs_test,206_JPG,"test, train",pitting,2
train_vs_test,209_JPG,"test, train",pitting,3
train_vs_test,210_JPG,"test, train",pitting,3
train_vs_test,217_JPG,"test, train",pitting,3
train_vs_test,21_JPG,"test, train",pitting,3
train_vs_test,220_JPG,"test, train",pitting,3
train_vs_test,223_JPG,"test, train",pitting,3
train_vs_test,227_JPG,"test, train",pitting,2
train_vs_test,230_jpg,"test, train",pitting,3
train_vs_test,235_JPG,"test, train",pitting,3
train_vs_test,236_jpg,"test, train",pitting,3
train_vs_test,238_JPG,"test, train",pitting,3
train_vs_test,241_JPG,"test, train",pitting,3
train_vs_test,243_jpg,"test, train",pitting,3
train_vs_test,247_JPG,"test, train",pitting,3
train_vs_test,251_JPG,"test, train",pitting,3
train_vs_test,265_jpg,"test, train",pitting,3
train_vs_test,266_JPG,"test, train",pitting,2
train_vs_test,268_JPG,"test, train",pitting,2
train_vs_test,273_JPG,"test, train",pitting,3
train_vs_test,27_JPG,"test, train",pitting,2
train_vs_test,283_JPG,"test, train",pitting,3
train_vs_test,289_jpg,"test, train",pitting,3
train_vs_test,307_jpg,"test, train",pitting,2
train_vs_test,309_JPG,"test, train",pitting,3
train_vs_test,318_JPG,"test, train",pitting,3
train_vs_test,32_JPG,"test, train",pitting,3
train_vs_test,3537c880a6f711e688859b4b6be08695-Fig_3A_red-purple_discoloration_JPG,"test, train",blue_finger,3
train_vs_test,35_JPG,"test, train",pitting,3
train_vs_test,36_JPG,"test, train",pitting,3
train_vs_test,37_JPG,"test, train",pitting,3
train_vs_test,4229e494114681c808066e262f2f82ad1c89676d_jpg,"test, train",Acral_Lentiginous_Melanoma,3
train_vs_test,42_JPG,"test, train",pitting,3
train_vs_test,50_JPG,"test, train",pitting,3
train_vs_test,52_JPG,"test, train",pitting,2
train_vs_test,53_JPG,"test, train",pitting,3
train_vs_test,56_JPG,"test, train",pitting,3
train_vs_test,59_JPG,"test, train",pitting,3
train_vs_test,5_JPG,"test, train",pitting,3
train_vs_test,64_JPG,"test, train",pitting,2
train_vs_test,65_JPG,"test, train",pitting,3
train_vs_test,66_jpg,"test, train",pitting,2
train_vs_test,68_JPG,"test, train",pitting,3
train_vs_test,74_JPG,"test, train",pitting,3
train_vs_test,75_JPG,"test, train",pitting,2
train_vs_test,7_JPG,"test, train",pitting,2
train_vs_test,89_JPG,"test, train",pitting,3
train_vs_test,91_JPG,"test, train",pitting,3
train_vs_test,9_JPG,"test, train",pitting,3
train_vs_test,CuvmX-dWIAAv_PX_jpeg,"test, train",Acral_Lentiginous_Melanoma,2
train_vs_test,Screen-Shot-2021-10-15-at-10-36-15-AM_png,"test, train",blue_finger,3
train_vs_test,Screen-Shot-2021-10-15-at-10-36-37-AM_png,"test, train",blue_finger,2
train_vs_test,Screen-Shot-2021-10-15-at-10-36-41-AM_png,"test, train",blue_finger,3
train_vs_test,Screen-Shot-2021-10-15-at-10-38-28-AM_png,"test, train",blue_finger,2
train_vs_test,Screen-Shot-2021-10-15-at-10-38-37-AM_png,"test, train",blue_finger,3
train_vs_test,Screen-Shot-2021-10-15-at-10-39-17-AM_png,"test, train",blue_finger,3
train_vs_test,Screen-Shot-2021-10-15-at-10-39-29-AM_png,"test, train",blue_finger,3
train_vs_test,Screen-Shot-2021-10-15-at-10-39-37-AM_png,"test, train",blue_finger,3
train_vs_test,Screen-Shot-2021-10-15-at-10-40-07-AM_png,"test, train",blue_finger,3
train_vs_test,Screen-Shot-2021-10-15-at-10-43-46-AM_png,"test, train",blue_finger,3
train_vs_test,Screen-Shot-2021-10-15-at-10-44-24-AM_png,"test, train",blue_finger,3
train_vs_test,Screen-Shot-2021-10-15-at-10-51-25-AM_png,"test, train",blue_finger,3
train_vs_test,Screen-Shot-2021-10-15-at-11-10-13-AM_png,"test, train",blue_finger,3
train_vs_test,Screen-Shot-2021-10-15-at-11-11-16-AM_png,"test, train",blue_finger,3
train_vs_test,Screen-Shot-2021-10-15-at-11-11-25-AM_png,"test, train",blue_finger,3
train_vs_test,Screen-Shot-2021-10-15-at-9-30-50-AM_png,"test, train",blue_finger,3
train_vs_test,Screen-Shot-2021-10-15-at-9-30-55-AM_png,"test, train",blue_finger,3
train_vs_test,Screen-Shot-2021-10-15-at-9-31-06-AM_png,"test, train",blue_finger,2
train_vs_test,Screen-Shot-2021-10-26-at-10-55-01-AM_png,"test, train",clubbing,2
train_vs_test,Screen-Shot-2021-10-26-at-10-55-32-AM_png,"test, train",clubbing,2
train_vs_test,Screen-Shot-2021-10-26-at-10-56-07-AM_png,"test, train",clubbing,3
train_vs_test,Screen-Shot-2021-10-26-at-10-56-32-AM_png,"test, train",clubbing,2
train_vs_test,Screen-Shot-2021-10-26-at-10-59-07-AM_png,"test, train",clubbing,2
train_vs_test,Screen-Shot-2021-10-26-at-11-06-37-AM_png,"test, train",clubbing,3
train_vs_test,Screen-Shot-2021-10-26-at-11-11-50-AM_png,"test, train",clubbing,2
train_vs_test,Screen-Shot-2021-10-26-at-12-09-28-PM_png,"test, train",clubbing,3
train_vs_test,Screen-Shot-2021-10-26-at-12-10-09-PM_png,"test, train",clubbing,3
train_vs_test,Screen-Shot-2021-10-26-at-12-10-57-PM_png,"test, train",clubbing,2
train_vs_test,Screen-Shot-2021-10-26-at-12-11-28-PM_png,"test, train",clubbing,3
train_vs_test,Screen-Shot-2021-10-26-at-12-15-17-PM_png,"test, train",clubbing,3
train_vs_test,Screen-Shot-2021-10-26-at-12-17-59-PM_png,"test, train",clubbing,3
train_vs_test,Screen-Shot-2021-10-26-at-12-18-05-PM_png,"test, train",clubbing,3
train_vs_test,Screen-Shot-2021-10-26-at-12-19-42-PM_png,"test, train",clubbing,2
train_vs_test,Screen-Shot-2021-10-26-at-12-20-45-PM_png,"test, train",clubbing,3
train_vs_test,Screen-Shot-2021-11-16-at-10-23-59-PM_png,"test, train",Onychogryphosis,3
train_vs_test,Screen-Shot-2021-11-16-at-10-24-09-PM_png,"test, train",Onychogryphosis,2
train_vs_test,Screen-Shot-2021-11-16-at-10-50-37-PM_png,"test, train",Onychogryphosis,3
train_vs_test,Screen-Shot-2021-11-16-at-10-50-56-PM_png,"test, train",Onychogryphosis,3
train_vs_test,Screen-Shot-2021-11-16-at-6-58-09-PM_png,"test, train",Acral_Lentiginous_Melanoma,2
train_vs_test,Screen-Shot-2021-11-16-at-6-58-19-PM_png,"test, train",Acral_Lentiginous_Melanoma,3
train_vs_test,Screen-Shot-2021-11-16-at-6-58-26-PM_png,"test, train",Acral_Lentiginous_Melanoma,3
train_vs_test,Screen-Shot-2021-11-16-at-6-59-48-PM_png,"test, train",Acral_Lentiginous_Melanoma,3
train_vs_test,Screen-Shot-2021-11-16-at-7-00-57-PM_png,"test, train",Acral_Lentiginous_Melanoma,3
train_vs_test,Screen-Shot-2021-11-16-at-7-01-17-PM_png,"test, train",Acral_Lentiginous_Melanoma,3
train_vs_test,Screen-Shot-2021-11-16-at-7-05-55-PM_png,"test, train",Acral_Lentiginous_Melanoma,3
train_vs_test,Screen-Shot-2021-11-16-at-7-06-53-PM_png,"test, train",Acral_Lentiginous_Melanoma,3
train_vs_test,Screen-Shot-2021-11-16-at-7-07-46-PM_png,"test, train",Acral_Lentiginous_Melanoma,3
train_vs_test,Screen-Shot-2021-11-16-at-7-07-58-PM_png,"test, train",Acral_Lentiginous_Melanoma,3
train_vs_test,Screen-Shot-2021-11-16-at-7-08-26-PM_png,"test, train",Acral_Lentiginous_Melanoma,2
train_vs_test,Screen-Shot-2021-11-16-at-7-10-55-PM_png,"test, train",Acral_Lentiginous_Melanoma,3
train_vs_test,Screen-Shot-2021-11-16-at-7-12-11-PM_png,"test, train",Acral_Lentiginous_Melanoma,3
train_vs_test,Screen-Shot-2021-11-16-at-7-12-20-PM_png,"test, train",Acral_Lentiginous_Melanoma,3
train_vs_test,Screen-Shot-2021-11-16-at-7-13-16-PM_png,"test, train",Acral_Lentiginous_Melanoma,3
train_vs_test,Screen-Shot-2021-11-16-at-7-13-54-PM_png,"test, train",Acral_Lentiginous_Melanoma,3
train_vs_test,Screen-Shot-2021-11-16-at-7-14-06-PM_png,"test, train",Acral_Lentiginous_Melanoma,3
train_vs_test,Screen-Shot-2021-11-16-at-7-14-19-PM_png,"test, train",Acral_Lentiginous_Melanoma,3
train_vs_test,Screen-Shot-2021-11-16-at-7-17-45-PM_png,"test, train",Acral_Lentiginous_Melanoma,3
train_vs_test,Screen-Shot-2021-11-19-at-1-00-57-AM_png,"test, train",Acral_Lentiginous_Melanoma,3
train_vs_test,Screen-Shot-2021-11-19-at-1-26-44-AM_png,"test, train",Acral_Lentiginous_Melanoma,3
train_vs_test,Screen-Shot-2021-11-19-at-1-27-17-AM_png,"test, train",Acral_Lentiginous_Melanoma,2
train_vs_test,Screen-Shot-2021-11-19-at-1-31-21-AM_png,"test, train",Acral_Lentiginous_Melanoma,3
train_vs_test,Screen-Shot-2021-11-19-at-1-37-53-AM_png,"test, train",Acral_Lentiginous_Melanoma,3
train_vs_test,Screen-Shot-2021-11-19-at-1-38-40-AM_png,"test, train",Acral_Lentiginous_Melanoma,3
train_vs_test,Screen-Shot-2021-11-19-at-1-38-57-AM_png,"test, train",Acral_Lentiginous_Melanoma,3
train_vs_test,Screen-Shot-2021-11-19-at-1-41-42-AM_png,"test, train",Acral_Lentiginous_Melanoma,2
train_vs_test,Screen-Shot-2021-11-19-at-1-43-17-AM_png,"test, train",Acral_Lentiginous_Melanoma,3
train_vs_test,Screen-Shot-2021-11-19-at-1-45-52-AM_png,"test, train",Acral_Lentiginous_Melanoma,3
train_vs_test,Screen-Shot-2021-11-19-at-1-53-47-AM_png,"test, train",Acral_Lentiginous_Melanoma,2
train_vs_test,Screen-Shot-2021-11-19-at-1-54-25-AM_png,"test, train",Acral_Lentiginous_Melanoma,3
train_vs_test,Screen-Shot-2021-11-19-at-1-54-57-AM_png,"test, train",Acral_Lentiginous_Melanoma,3
train_vs_test,Screen-Shot-2021-11-19-at-1-55-04-AM_png,"test, train",Acral_Lentiginous_Melanoma,3
train_vs_test,Screen-Shot-2021-11-19-at-1-56-09-AM_png,"test, train",Acral_Lentiginous_Melanoma,3
train_vs_test,Screen-Shot-2021-11-19-at-1-56-53-AM_png,"test, train",Acral_Lentiginous_Melanoma,3
train_vs_test,Screen-Shot-2021-11-19-at-12-37-14-AM_png,"test, train",Acral_Lentiginous_Melanoma,3
train_vs_test,Screen-Shot-2021-11-19-at-12-39-46-AM_png,"test, train",Acral_Lentiginous_Melanoma,3
train_vs_test,Screen-Shot-2021-11-19-at-12-41-44-AM_png,"test, train",Acral_Lentiginous_Melanoma,2
train_vs_test,Screen-Shot-2021-11-19-at-12-55-27-AM_png,"test, train",Acral_Lentiginous_Melanoma,3
train_vs_test,Screen-Shot-2021-11-19-at-12-55-39-AM_png,"test, train",Acral_Lentiginous_Melanoma,3
train_vs_test,Screen-Shot-2021-11-19-at-12-56-04-AM_png,"test, train",Acral_Lentiginous_Melanoma,3
train_vs_test,Screen-Shot-2021-11-19-at-2-10-05-AM_png,"test, train",Acral_Lentiginous_Melanoma,3
train_vs_test,Screen-Shot-2021-11-19-at-2-11-28-AM_png,"test, train",Acral_Lentiginous_Melanoma,2
train_vs_test,Screen-Shot-2021-11-19-at-2-13-04-AM_png,"test, train",Acral_Lentiginous_Melanoma,3
train_vs_test,Screen-Shot-2021-11-19-at-2-14-13-AM_png,"test, train",Acral_Lentiginous_Melanoma,3
train_vs_test,Screen-Shot-2021-11-19-at-2-17-07-AM_png,"test, train",Acral_Lentiginous_Melanoma,3
train_vs_test,Screen-Shot-2021-11-19-at-2-26-44-AM_png,"test, train",Acral_Lentiginous_Melanoma,3
train_vs_test,Screen-Shot-2021-11-19-at-2-27-01-AM_png,"test, train",Acral_Lentiginous_Melanoma,3
train_vs_test,Screen-Shot-2021-11-19-at-2-27-33-AM_png,"test, train",Acral_Lentiginous_Melanoma,3
train_vs_test,Screen-Shot-2021-11-19-at-2-27-56-AM_png,"test, train",Acral_Lentiginous_Melanoma,2
train_vs_test,Screen-Shot-2021-11-19-at-2-30-18-AM_png,"test, train",Acral_Lentiginous_Melanoma,3
train_vs_test,Screen-Shot-2021-11-20-at-10-04-59-PM_png,"test, train",Acral_Lentiginous_Melanoma,3
train_vs_test,Screen-Shot-2021-11-20-at-10-24-29-PM_png,"test, train",Acral_Lentiginous_Melanoma,3
train_vs_test,Screen-Shot-2021-11-20-at-10-28-12-PM_png,"test, train",Acral_Lentiginous_Melanoma,3
train_vs_test,Screen-Shot-2021-11-20-at-10-30-41-PM_png,"test, train",Acral_Lentiginous_Melanoma,2
train_vs_test,Screen-Shot-2021-11-20-at-10-40-57-PM_png,"test, train",Acral_Lentiginous_Melanoma,3
train_vs_test,Screen-Shot-2021-11-20-at-7-49-00-PM_png,"test, train",Acral_Lentiginous_Melanoma,3
train_vs_test,Screen-Shot-2021-11-20-at-7-49-26-PM_png,"test, train",Acral_Lentiginous_Melanoma,2
train_vs_test,Screen-Shot-2021-11-20-at-7-49-46-PM_png,"test, train",Acral_Lentiginous_Melanoma,3
train_vs_test,Screen-Shot-2021-11-20-at-7-52-57-PM_png,"test, train",Acral_Lentiginous_Melanoma,3
train_vs_test,Screen-Shot-2021-11-20-at-7-53-27-PM_png,"test, train",Acral_Lentiginous_Melanoma,3
train_vs_test,Screen-Shot-2021-11-20-at-7-56-35-PM_png,"test, train",Acral_Lentiginous_Melanoma,3
train_vs_test,Screen-Shot-2021-11-20-at-7-57-54-PM_png,"test, train",Acral_Lentiginous_Melanoma,3
train_vs_test,Screen-Shot-2021-11-20-at-8-00-48-PM_png,"test, train",Acral_Lentiginous_Melanoma,3
train_vs_test,Screen-Shot-2021-11-20-at-8-00-58-PM_png,"test, train",Acral_Lentiginous_Melanoma,2
train_vs_test,Screen-Shot-2021-11-20-at-8-04-14-PM_png,"test, train",Acral_Lentiginous_Melanoma,2
train_vs_test,Screen-Shot-2021-11-20-at-8-17-41-PM_png,"test, train",Acral_Lentiginous_Melanoma,3
train_vs_test,Screen-Shot-2021-11-20-at-8-18-57-PM_png,"test, train",Acral_Lentiginous_Melanoma,3
train_vs_test,Screen-Shot-2021-11-20-at-8-19-36-PM_png,"test, train",Acral_Lentiginous_Melanoma,3
train_vs_test,Screen-Shot-2021-11-20-at-8-19-44-PM_png,"test, train",Acral_Lentiginous_Melanoma,2
train_vs_test,Screen-Shot-2021-11-20-at-8-19-58-PM_png,"test, train",Acral_Lentiginous_Melanoma,3
train_vs_test,Screen-Shot-2021-11-20-at-8-20-37-PM_png,"test, train",Acral_Lentiginous_Melanoma,3
train_vs_test,Screen-Shot-2021-11-20-at-8-24-21-PM_png,"test, train",Acral_Lentiginous_Melanoma,3
train_vs_test,Screen-Shot-2021-11-20-at-8-26-37-PM_png,"test, train",Acral_Lentiginous_Melanoma,3
train_vs_test,Screen-Shot-2021-11-20-at-8-26-59-PM_png,"test, train",Acral_Lentiginous_Melanoma,3
train_vs_test,Screen-Shot-2021-11-20-at-8-28-25-PM_png,"test, train",Acral_Lentiginous_Melanoma,3
train_vs_test,Screen-Shot-2021-11-20-at-8-34-56-PM_png,"test, train",Acral_Lentiginous_Melanoma,3
train_vs_test,Screen-Shot-2021-11-20-at-8-35-45-PM_png,"test, train",Acral_Lentiginous_Melanoma,3
train_vs_test,Screen-Shot-2021-11-20-at-8-36-28-PM_png,"test, train",Acral_Lentiginous_Melanoma,3
train_vs_test,Screen-Shot-2021-11-20-at-8-37-53-PM_png,"test, train",Acral_Lentiginous_Melanoma,3
train_vs_test,Screen-Shot-2021-11-20-at-9-40-12-PM_png,"test, train",Acral_Lentiginous_Melanoma,3
train_vs_test,Screen-Shot-2021-11-20-at-9-40-24-PM_png,"test, train",Acral_Lentiginous_Melanoma,3
train_vs_test,Screen-Shot-2021-11-20-at-9-40-40-PM_png,"test, train",Acral_Lentiginous_Melanoma,3
train_vs_test,Screen-Shot-2021-11-20-at-9-44-26-PM_png,"test, train",Acral_Lentiginous_Melanoma,3
train_vs_test,Screen-Shot-2021-11-20-at-9-44-34-PM_png,"test, train",Acral_Lentiginous_Melanoma,3
train_vs_test,Screen-Shot-2021-11-22-at-10-03-16-AM_png,"test, train",clubbing,3
train_vs_test,Screen-Shot-2021-11-22-at-10-03-41-AM_png,"test, train",clubbing,3
train_vs_test,Screen-Shot-2021-11-22-at-10-04-13-AM_png,"test, train",clubbing,2
train_vs_test,Screen-Shot-2021-11-22-at-10-05-18-PM_png,"test, train",blue_finger,2
train_vs_test,Screen-Shot-2021-11-22-at-10-06-39-AM_png,"test, train",clubbing,2
train_vs_test,Screen-Shot-2021-11-22-at-10-06-57-PM_png,"test, train",blue_finger,2
train_vs_test,Screen-Shot-2021-11-22-at-10-07-11-AM_png,"test, train",clubbing,2
train_vs_test,Screen-Shot-2021-11-22-at-10-07-55-AM_png,"test, train",clubbing,3
train_vs_test,Screen-Shot-2021-11-22-at-10-07-58-AM_png,"test, train",clubbing,3
train_vs_test,Screen-Shot-2021-11-22-at-10-08-21-AM_png,"test, train",clubbing,3
train_vs_test,Screen-Shot-2021-11-22-at-10-08-34-AM_png,"test, train",clubbing,2
train_vs_test,Screen-Shot-2021-11-22-at-10-08-48-AM_png,"test, train",clubbing,3
train_vs_test,Screen-Shot-2021-11-22-at-10-09-14-AM_png,"test, train",clubbing,3
train_vs_test,Screen-Shot-2021-11-22-at-10-09-18-AM_png,"test, train",clubbing,3
train_vs_test,Screen-Shot-2021-11-22-at-10-09-28-PM_png,"test, train",blue_finger,3
train_vs_test,Screen-Shot-2021-11-22-at-10-14-30-PM_png,"test, train",clubbing,3
train_vs_test,Screen-Shot-2021-11-22-at-10-15-44-PM_png,"test, train",clubbing,3
train_vs_test,Screen-Shot-2021-11-22-at-4-49-53-PM_png,"test, train",blue_finger,3
train_vs_test,Screen-Shot-2021-11-22-at-4-50-45-PM_png,"test, train",blue_finger,3
train_vs_test,Screen-Shot-2021-11-22-at-4-55-22-PM_png,"test, train",clubbing,2
train_vs_test,Screen-Shot-2021-11-22-at-4-55-25-PM_png,"test, train",clubbing,3
train_vs_test,Screen-Shot-2021-11-22-at-4-57-31-PM_png,"test, train",blue_finger,3
train_vs_test,Screen-Shot-2021-11-22-at-4-57-51-PM_png,"test, train",blue_finger,2
train_vs_test,Screen-Shot-2021-11-22-at-5-01-12-PM_png,"test, train",clubbing,2
train_vs_test,Screen-Shot-2021-11-22-at-5-01-41-PM_png,"test, train",blue_finger,2
train_vs_test,Screen-Shot-2021-11-22-at-5-02-29-PM_png,"test, train",blue_finger,3
train_vs_test,Screen-Shot-2021-11-22-at-5-03-01-PM_png,"test, train",blue_finger,2
train_vs_test,Screen-Shot-2021-11-22-at-5-03-11-PM_png,"test, train",blue_finger,3
train_vs_test,Screen-Shot-2021-11-22-at-5-05-41-PM_png,"test, train",blue_finger,3
train_vs_test,Screen-Shot-2021-11-22-at-5-05-43-PM_png,"test, train",blue_finger,2
train_vs_test,Screen-Shot-2021-11-22-at-5-06-00-PM_png,"test, train",blue_finger,2
train_vs_test,Screen-Shot-2021-11-22-at-5-06-33-PM_png,"test, train",blue_finger,2
train_vs_test,Screen-Shot-2021-11-22-at-5-09-59-PM_png,"test, train",blue_finger,3
train_vs_test,Screen-Shot-2021-11-22-at-5-10-07-PM_png,"test, train",blue_finger,3
train_vs_test,Screen-Shot-2021-11-22-at-5-10-19-PM_png,"test, train",blue_finger,2
train_vs_test,Screen-Shot-2021-11-22-at-5-18-20-PM_png,"test, train",blue_finger,3
train_vs_test,Screen-Shot-2021-11-22-at-5-21-20-PM_png,"test, train",blue_finger,2
train_vs_test,Screen-Shot-2021-11-22-at-5-22-06-PM_png,"test, train",blue_finger,3
train_vs_test,Screen-Shot-2021-11-22-at-5-23-38-PM_png,"test, train",blue_finger,3
train_vs_test,Screen-Shot-2021-11-22-at-5-25-44-PM_png,"test, train",blue_finger,3
train_vs_test,Screen-Shot-2021-11-22-at-5-26-02-PM_png,"test, train",blue_finger,3
train_vs_test,Screen-Shot-2021-11-22-at-5-26-29-PM_png,"test, train",blue_finger,2
train_vs_test,Screen-Shot-2021-11-22-at-5-26-45-PM_png,"test, train",blue_finger,3
train_vs_test,Screen-Shot-2021-11-22-at-5-27-14-PM_png,"test, train",blue_finger,2
train_vs_test,Screen-Shot-2021-11-22-at-5-27-36-PM_png,"test, train",blue_finger,3
train_vs_test,Screen-Shot-2021-11-22-at-5-29-14-PM_png,"test, train",blue_finger,3
train_vs_test,Screen-Shot-2021-11-22-at-8-05-33-AM_png,"test, train",clubbing,3
train_vs_test,Screen-Shot-2021-11-22-at-8-07-54-AM_png,"test, train",clubbing,3
train_vs_test,Screen-Shot-2021-11-22-at-8-13-50-AM_png,"test, train",clubbing,3
train_vs_test,Screen-Shot-2021-11-22-at-8-14-15-PM_png,"test, train",blue_finger,2
train_vs_test,Screen-Shot-2021-11-22-at-8-15-47-PM_png,"test, train",blue_finger,3
train_vs_test,Screen-Shot-2021-11-22-at-8-15-51-PM_png,"test, train",blue_finger,2
train_vs_test,Screen-Shot-2021-11-22-at-8-17-06-AM_png,"test, train",clubbing,3
train_vs_test,Screen-Shot-2021-11-22-at-8-17-11-AM_png,"test, train",clubbing,3
train_vs_test,Screen-Shot-2021-11-22-at-8-19-18-PM_png,"test, train",blue_finger,3
train_vs_test,Screen-Shot-2021-11-22-at-8-22-42-AM_png,"test, train",clubbing,3
train_vs_test,Screen-Shot-2021-11-22-at-8-23-26-AM_png,"test, train",clubbing,3
train_vs_test,Screen-Shot-2021-11-22-at-8-24-20-AM_png,"test, train",clubbing,2
train_vs_test,Screen-Shot-2021-11-22-at-8-24-28-AM_png,"test, train",clubbing,3
train_vs_test,Screen-Shot-2021-11-22-at-8-25-46-PM_png,"test, train",blue_finger,3
train_vs_test,Screen-Shot-2021-11-22-at-8-26-00-AM_png,"test, train",clubbing,3
train_vs_test,Screen-Shot-2021-11-22-at-8-28-12-AM_png,"test, train",clubbing,3
train_vs_test,Screen-Shot-2021-11-22-at-8-28-22-AM_png,"test, train",clubbing,3
train_vs_test,Screen-Shot-2021-11-22-at-8-30-42-AM_png,"test, train",clubbing,2
train_vs_test,Screen-Shot-2021-11-22-at-8-30-46-AM_png,"test, train",clubbing,3
train_vs_test,Screen-Shot-2021-11-22-at-8-35-57-AM_png,"test, train",clubbing,3
train_vs_test,Screen-Shot-2021-11-22-at-8-40-06-AM_png,"test, train",clubbing,3
train_vs_test,Screen-Shot-2021-11-22-at-8-44-44-AM_png,"test, train",clubbing,3
train_vs_test,Screen-Shot-2021-11-22-at-8-44-48-AM_png,"test, train",clubbing,3
train_vs_test,Screen-Shot-2021-11-22-at-8-45-05-AM_png,"test, train",clubbing,3
train_vs_test,Screen-Shot-2021-11-22-at-8-45-38-AM_png,"test, train",clubbing,3
train_vs_test,Screen-Shot-2021-11-22-at-8-46-56-AM_png,"test, train",clubbing,3
train_vs_test,Screen-Shot-2021-11-22-at-8-51-01-PM_png,"test, train",blue_finger,3
train_vs_test,Screen-Shot-2021-11-22-at-8-56-36-PM_png,"test, train",blue_finger,3
train_vs_test,Screen-Shot-2021-11-22-at-8-59-55-AM_png,"test, train",clubbing,3
train_vs_test,Screen-Shot-2021-11-22-at-9-00-08-AM_png,"test, train",clubbing,3
train_vs_test,Screen-Shot-2021-11-22-at-9-00-17-AM_png,"test, train",clubbing,2
train_vs_test,Screen-Shot-2021-11-22-at-9-02-53-AM_png,"test, train",clubbing,3
train_vs_test,Screen-Shot-2021-11-22-at-9-03-22-AM_png,"test, train",clubbing,3
train_vs_test,Screen-Shot-2021-11-22-at-9-05-44-PM_png,"test, train",blue_finger,2
train_vs_test,Screen-Shot-2021-11-22-at-9-06-56-PM_png,"test, train",blue_finger,3
train_vs_test,Screen-Shot-2021-11-22-at-9-07-07-PM_png,"test, train",blue_finger,3
train_vs_test,Screen-Shot-2021-11-22-at-9-07-19-PM_png,"test, train",blue_finger,3
train_vs_test,Screen-Shot-2021-11-22-at-9-07-23-AM_png,"test, train",clubbing,3
train_vs_test,Screen-Shot-2021-11-22-at-9-08-36-PM_png,"test, train",blue_finger,2
train_vs_test,Screen-Shot-2021-11-22-at-9-09-23-AM_png,"test, train",clubbing,3
train_vs_test,Screen-Shot-2021-11-22-at-9-09-32-AM_png,"test, train",clubbing,3
train_vs_test,Screen-Shot-2021-11-22-at-9-10-55-AM_png,"test, train",clubbing,3
train_vs_test,Screen-Shot-2021-11-22-at-9-13-27-AM_png,"test, train",clubbing,3
train_vs_test,Screen-Shot-2021-11-22-at-9-14-59-PM_png,"test, train",blue_finger,3
train_vs_test,Screen-Shot-2021-11-22-at-9-15-35-AM_png,"test, train",clubbing,3
train_vs_test,Screen-Shot-2021-11-22-at-9-21-08-PM_png,"test, train",blue_finger,3
train_vs_test,Screen-Shot-2021-11-22-at-9-21-16-PM_png,"test, train",blue_finger,2
train_vs_test,Screen-Shot-2021-11-22-at-9-21-29-PM_png,"test, train",blue_finger,3
train_vs_test,Screen-Shot-2021-11-22-at-9-22-07-PM_png,"test, train",blue_finger,3
train_vs_test,Screen-Shot-2021-11-22-at-9-23-26-AM_png,"test, train",clubbing,3
train_vs_test,Screen-Shot-2021-11-22-at-9-23-46-AM_png,"test, train",clubbing,3
train_vs_test,Screen-Shot-2021-11-22-at-9-24-05-AM_png,"test, train",clubbing,3
train_vs_test,Screen-Shot-2021-11-22-at-9-24-37-AM_png,"test, train",clubbing,2
train_vs_test,Screen-Shot-2021-11-22-at-9-27-45-AM_png,"test, train",clubbing,3
train_vs_test,Screen-Shot-2021-11-22-at-9-27-51-AM_png,"test, train",clubbing,3
train_vs_test,Screen-Shot-2021-11-22-at-9-31-39-AM_png,"test, train",clubbing,3
train_vs_test,Screen-Shot-2021-11-22-at-9-32-29-AM_png,"test, train",clubbing,3
train_vs_test,Screen-Shot-2021-11-22-at-9-37-40-AM_png,"test, train",clubbing,3
train_vs_test,Screen-Shot-2021-11-22-at-9-40-07-AM_png,"test, train",clubbing,3
train_vs_test,Screen-Shot-2021-11-22-at-9-43-45-AM_png,"test, train",clubbing,3
train_vs_test,Screen-Shot-2021-11-22-at-9-44-03-AM_png,"test, train",clubbing,3
train_vs_test,Screen-Shot-2021-11-22-at-9-44-21-AM_png,"test, train",clubbing,2
train_vs_test,Screen-Shot-2021-11-22-at-9-44-40-AM_png,"test, train",clubbing,3
train_vs_test,Screen-Shot-2021-11-22-at-9-46-05-PM_png,"test, train",blue_finger,2
train_vs_test,Screen-Shot-2021-11-22-at-9-46-24-PM_png,"test, train",blue_finger,3
train_vs_test,Screen-Shot-2021-11-22-at-9-46-26-AM_png,"test, train",clubbing,2
train_vs_test,Screen-Shot-2021-11-22-at-9-47-35-PM_png,"test, train",blue_finger,3
train_vs_test,Screen-Shot-2021-11-22-at-9-47-46-PM_png,"test, train",blue_finger,3
train_vs_test,Screen-Shot-2021-11-22-at-9-48-12-PM_png,"test, train",blue_finger,2
train_vs_test,Screen-Shot-2021-11-22-at-9-51-13-AM_png,"test, train",clubbing,3
train_vs_test,Screen-Shot-2021-11-22-at-9-51-19-AM_png,"test, train",clubbing,3
train_vs_test,Screen-Shot-2021-11-22-at-9-52-22-PM_png,"test, train",blue_finger,3
train_vs_test,Screen-Shot-2021-11-22-at-9-52-28-PM_png,"test, train",blue_finger,2
train_vs_test,Screen-Shot-2021-11-22-at-9-54-00-AM_png,"test, train",clubbing,3
train_vs_test,Screen-Shot-2021-11-22-at-9-54-05-AM_png,"test, train",clubbing,3
train_vs_test,Screen-Shot-2021-11-22-at-9-56-30-AM_png,"test, train",clubbing,2
train_vs_test,Screenshot-2021-11-19-004020_png,"test, train",Onychogryphosis,3
train_vs_test,Screenshot-2021-11-19-004044_png,"test, train",Onychogryphosis,3
train_vs_test,Screenshot-2021-11-19-004140_png,"test, train",Onychogryphosis,2
train_vs_test,Screenshot-2021-11-19-004228_png,"test, train",Onychogryphosis,2
train_vs_test,Screenshot-2021-11-19-004245_png,"test, train",Onychogryphosis,3
train_vs_test,Screenshot-2021-11-19-005529_png,"test, train",Onychogryphosis,3
train_vs_test,Screenshot-2021-11-19-005556_png,"test, train",Onychogryphosis,3
train_vs_test,Screenshot-2021-11-19-005611_png,"test, train",Onychogryphosis,2
train_vs_test,Screenshot-2021-11-19-010109_png,"test, train",Onychogryphosis,3
train_vs_test,Screenshot-2021-11-19-010147_png,"test, train",Onychogryphosis,2
train_vs_test,Screenshot-2021-11-19-010215_png,"test, train",Onychogryphosis,3
train_vs_test,Screenshot-2021-11-19-010332_png,"test, train",Onychogryphosis,2
train_vs_test,Screenshot-2021-11-19-010434_png,"test, train",Onychogryphosis,3
train_vs_test,Screenshot-2021-11-19-010444_png,"test, train",Onychogryphosis,2
train_vs_test,Screenshot-2021-11-19-010454_png,"test, train",Onychogryphosis,3
train_vs_test,Screenshot-2021-11-19-010604_png,"test, train",Onychogryphosis,3
train_vs_test,Screenshot-2021-11-19-010724_png,"test, train",Onychogryphosis,3
train_vs_test,Screenshot-2021-11-19-010857_png,"test, train",Onychogryphosis,2
train_vs_test,Screenshot-2021-11-19-011002_png,"test, train",Onychogryphosis,3
train_vs_test,Screenshot-2021-11-19-011220_png,"test, train",Onychogryphosis,3
train_vs_test,Screenshot-2021-11-19-011259_png,"test, train",Onychogryphosis,2
train_vs_test,Screenshot-2021-11-19-011359_png,"test, train",Onychogryphosis,3
train_vs_test,Screenshot-2021-11-19-012106_png,"test, train",Onychogryphosis,3
train_vs_test,Screenshot-2021-11-19-012333_png,"test, train",Onychogryphosis,3
train_vs_test,Screenshot-2021-11-19-012721_png,"test, train",Onychogryphosis,3
train_vs_test,Screenshot-2021-11-19-013239_png,"test, train",Onychogryphosis,3
train_vs_test,Screenshot-2021-11-19-015033_png,"test, train",Onychogryphosis,2
train_vs_test,Screenshot-2021-11-19-015139_png,"test, train",Onychogryphosis,3
train_vs_test,Screenshot-2021-11-19-015917_png,"test, train",Onychogryphosis,3
train_vs_test,Screenshot-2021-11-19-020017_png,"test, train",Onychogryphosis,2
train_vs_test,Screenshot-2021-11-19-020136_png,"test, train",Onychogryphosis,3
train_vs_test,Screenshot-2021-11-19-020317_png,"test, train",Onychogryphosis,3
train_vs_test,Screenshot-2021-11-19-020327_png,"test, train",Onychogryphosis,3
train_vs_test,Screenshot-2021-11-19-021128_png,"test, train",Onychogryphosis,3
train_vs_test,Screenshot-2021-11-19-021309_png,"test, train",Onychogryphosis,2
train_vs_test,Screenshot-2021-11-19-021909_png,"test, train",Onychogryphosis,3
train_vs_test,Screenshot-2021-11-19-021939_png,"test, train",Onychogryphosis,3
train_vs_test,Screenshot-2021-11-19-022255_png,"test, train",Onychogryphosis,2
train_vs_test,Screenshot-2021-11-19-022422_png,"test, train",Onychogryphosis,3
train_vs_test,Screenshot-2021-11-19-023646_png,"test, train",Onychogryphosis,3
train_vs_test,Screenshot-2021-11-19-024347_png,"test, train",Onychogryphosis,2
train_vs_test,Screenshot-2021-11-19-025136_png,"test, train",Onychogryphosis,3
train_vs_test,Screenshot-2021-11-19-025158_png,"test, train",Onychogryphosis,3
train_vs_test,Screenshot-2021-11-19-025646_png,"test, train",Onychogryphosis,2
train_vs_test,Screenshot-2021-11-19-031124_png,"test, train",Onychogryphosis,3
train_vs_test,Screenshot-2021-11-21-162607_png,"test, train",Onychogryphosis,3
train_vs_test,Screenshot-2021-11-21-163024_png,"test, train",Onychogryphosis,3
train_vs_test,Screenshot-2021-11-21-163641_png,"test, train",Onychogryphosis,3
train_vs_test,Screenshot-2021-11-21-163753_png,"test, train",Onychogryphosis,3
train_vs_test,Screenshot-2021-11-21-165411_png,"test, train",Onychogryphosis,3
train_vs_test,Screenshot-2021-11-21-165820_png,"test, train",Onychogryphosis,3
train_vs_test,Screenshot-2021-11-21-173027_png,"test, train",Onychogryphosis,2
train_vs_test,Screenshot-2021-11-21-174132_png,"test, train",Onychogryphosis,2
train_vs_test,Screenshot-2021-11-21-174430_png,"test, train",Onychogryphosis,3
train_vs_test,Screenshot-2021-11-21-174511_png,"test, train",Onychogryphosis,3
train_vs_test,Screenshot-2021-11-21-192605_png,"test, train",Onychogryphosis,3
train_vs_test,Screenshot-2021-11-21-192708_png,"test, train",Onychogryphosis,2
train_vs_test,Screenshot-2021-11-21-193524_png,"test, train",Onychogryphosis,3
train_vs_test,Screenshot-2021-11-21-193604_png,"test, train",Onychogryphosis,3
train_vs_test,Screenshot-2021-11-21-210225_png,"test, train",Onychogryphosis,3
train_vs_test,Screenshot-2021-11-21-210436_png,"test, train",Onychogryphosis,3
train_vs_test,Screenshot-2021-11-21-230209_png,"test, train",Onychogryphosis,3
train_vs_test,Screenshot-2021-11-21-230252_png,"test, train",Onychogryphosis,2
train_vs_test,Screenshot-2021-11-21-231416_png,"test, train",Onychogryphosis,3
train_vs_test,Screenshot-2021-11-21-231905_png,"test, train",Onychogryphosis,3
train_vs_test,Screenshot-2021-11-21-232620_png,"test, train",Onychogryphosis,3
train_vs_test,Screenshot-2021-11-21-233854_png,"test, train",Onychogryphosis,3
train_vs_test,Screenshot-2021-11-21-234423_png,"test, train",Onychogryphosis,3
train_vs_test,Screenshot-2021-11-21-235210_png,"test, train",Onychogryphosis,2
train_vs_test,Screenshot-2021-11-22-012951_png,"test, train",Onychogryphosis,3
train_vs_test,Screenshot-2021-11-22-014500_png,"test, train",Onychogryphosis,3
train_vs_test,Screenshot-2021-11-22-015012_png,"test, train",Onychogryphosis,3
train_vs_test,Screenshot-2021-11-22-015244_png,"test, train",Onychogryphosis,2
train_vs_test,Screenshot-2021-11-22-015522_png,"test, train",Onychogryphosis,3
train_vs_test,Screenshot-2021-11-22-015641_png,"test, train",Onychogryphosis,3
train_vs_test,Screenshot-2021-11-22-015804_png,"test, train",Onychogryphosis,3
train_vs_test,Screenshot-2021-11-22-020018_png,"test, train",Onychogryphosis,2
train_vs_test,Screenshot-2021-11-22-020526_png,"test, train",Onychogryphosis,3
train_vs_test,Screenshot-2021-11-22-020714_png,"test, train",Onychogryphosis,3
train_vs_test,Screenshot-2021-11-22-021051_png,"test, train",Onychogryphosis,3
train_vs_test,h104_png,"test, train",Healthy_Nail,2
train_vs_test,h111_png,"test, train",Healthy_Nail,2
train_vs_test,h118_png,"test, train",Healthy_Nail,2
train_vs_test,h126_png,"test, train",Healthy_Nail,2
train_vs_test,h132_png,"test, train",Healthy_Nail,2
train_vs_test,h139_png,"test, train",Healthy_Nail,2
train_vs_test,h14_png,"test, train",Healthy_Nail,2
train_vs_test,h156_png,"test, train",Healthy_Nail,2
train_vs_test,h160_png,"test, train",Healthy_Nail,2
train_vs_test,h161_png,"test, train",Healthy_Nail,2
train_vs_test,h175_png,"test, train",Healthy_Nail,2
train_vs_test,h180_png,"test, train",Healthy_Nail,2
train_vs_test,h184_png,"test, train",Healthy_Nail,2
train_vs_test,h200_png,"test, train",Healthy_Nail,2
train_vs_test,h220_png,"test, train",Healthy_Nail,2
train_vs_test,h232_png,"test, train",Healthy_Nail,2
train_vs_test,h255_png,"test, train",Healthy_Nail,2
train_vs_test,h260_png,"test, train",Healthy_Nail,2
train_vs_test,h270_png,"test, train",Healthy_Nail,2
train_vs_test,h27_png,"test, train",Healthy_Nail,2
train_vs_test,h287_png,"test, train",Healthy_Nail,2
train_vs_test,h30_png,"test, train",Healthy_Nail,2
train_vs_test,h32_png,"test, train",Healthy_Nail,2
train_vs_test,h33_png,"test, train",Healthy_Nail,2
train_vs_test,h43_png,"test, train",Healthy_Nail,2
train_vs_test,h44_png,"test, train",Healthy_Nail,2
train_vs_test,h45_png,"test, train",Healthy_Nail,2
train_vs_test,h50_png,"test, train",Healthy_Nail,2
train_vs_test,h53_png,"test, train",Healthy_Nail,2
train_vs_test,h61_png,"test, train",Healthy_Nail,2
train_vs_test,h68_png,"test, train",Healthy_Nail,2
train_vs_test,h71_png,"test, train",Healthy_Nail,2
train_vs_test,h79_png,"test, train",Healthy_Nail,2
train_vs_test,h7_png,"test, train",Healthy_Nail,2
train_vs_test,h82_png,"test, train",Healthy_Nail,2
train_vs_test,h8_png,"test, train",Healthy_Nail,2
train_vs_test,h94_png,"test, train",Healthy_Nail,2
train_vs_test,h96_png,"test, train",Healthy_Nail,2
train_vs_test,hutchinsons-nail-melanoma-Nameer-Al-Sudany_png,"test, train",Acral_Lentiginous_Melanoma,3
train_vs_test,images--66D6Hn_jpeg,"test, train",Onychogryphosis,3
train_vs_test,images--79BNfh_jpeg,"test, train",Onychogryphosis,3
train_vs_test,images--7hiLgj_jpeg,"test, train",Onychogryphosis,2
train_vs_test,images--sqWhaj_jpeg,"test, train",Onychogryphosis,2
train_vs_test,nail-melanoma-2-300x180_jpg,"test, train",Acral_Lentiginous_Melanoma,3
train_vs_test,p-1-womans-story-shows-why-you-should-never-ignore-black-line-on-your-nail-1506429403_jpg,"test, train",Acral_Lentiginous_Melanoma,3
train_vs_test,prf_11_18_11_jpg,"test, train",Acral_Lentiginous_Melanoma,3
