True_Label,Predicted_Label,Correct,Probability_Acral_Lentiginous_Melanoma,Probability_Healthy_Nail,Probability_Onychogryphosis,Probability_blue_finger,Probability_clubbing,Probability_pitting,Confidence,Confidence_Percentage
Acral_Lentiginous_Melanoma,blue_finger,False,0.08929352,0.02997367,0.00497499,0.858016,0.0066629946,0.011078827,0.858016,85.8016
Healthy_Nail,clubbing,False,0.020820074,0.06150958,0.016739719,0.07695083,0.8117887,0.012191069,0.8117887,81.17887
blue_finger,pitting,False,0.0123713,0.027317394,0.012519593,0.15087938,0.09325007,0.7036623,0.7036623,70.36623
Onychogryphosis,pitting,False,0.038653992,0.05082777,0.18903795,0.020494675,0.103695594,0.59729004,0.59729004,59.729003999999996
Healthy_Nail,blue_finger,False,0.029029442,0.089013755,0.19001609,0.5764907,0.027580487,0.08786955,0.5764907,57.64907
Onychogryphosis,clubbing,False,0.015416657,0.073724054,0.11738101,0.022799574,0.4979278,0.27275082,0.4979278,49.79278
pitting,clubbing,False,0.16916573,0.06646515,0.02146401,0.0629814,0.45232365,0.22760001,0.45232365,45.232365
pitting,blue_finger,False,0.056463346,0.089123435,0.04967673,0.44741133,0.07301752,0.28430757,0.44741133,44.741133
clubbing,blue_finger,False,0.11277418,0.09386962,0.019846171,0.38240945,0.35361773,0.0374829,0.38240945,38.240944999999996
