image_path,image_name,true_class,predicted_class,confidence_percent,correct_prediction
C:\Users\venka\Documents\Project\Nail-Condition-Classification\data\grouped_split\val\Acral_Lentiginous_Melanoma\Screen-Shot-2021-11-19-at-1-24-44-AM_png.rf.5f4b3532ac477028e0abe391f8e9e3df.jpg,Screen-Shot-2021-11-19-at-1-24-44-AM_png.rf.5f4b3532ac477028e0abe391f8e9e3df.jpg,Acral_Lentiginous_Melanoma,pitting,53.56,False
C:\Users\venka\Documents\Project\Nail-Condition-Classification\data\grouped_split\val\Acral_Lentiginous_Melanoma\Screen-Shot-2021-11-19-at-1-36-14-AM_png.rf.7a6c4ce10ab5c505deeae8e426d4ab2b.jpg,Screen-Shot-2021-11-19-at-1-36-14-AM_png.rf.7a6c4ce10ab5c505deeae8e426d4ab2b.jpg,Acral_Lentiginous_Melanoma,blue_finger,68.9,False
C:\Users\venka\Documents\Project\Nail-Condition-Classification\data\grouped_split\val\Acral_Lentiginous_Melanoma\Screen-Shot-2021-11-20-at-8-10-21-PM_png.rf.ffe0833e60f1b208b292bd5da540c200.jpg,Screen-Shot-2021-11-20-at-8-10-21-PM_png.rf.ffe0833e60f1b208b292bd5da540c200.jpg,Acral_Lentiginous_Melanoma,clubbing,63.22,False
C:\Users\venka\Documents\Project\Nail-Condition-Classification\data\grouped_split\val\Acral_Lentiginous_Melanoma\Screen-Shot-2021-11-20-at-8-10-25-PM_png.rf.91484a49652e27eda0bac23baeafc379.jpg,Screen-Shot-2021-11-20-at-8-10-25-PM_png.rf.91484a49652e27eda0bac23baeafc379.jpg,Acral_Lentiginous_Melanoma,blue_finger,46.28,False
C:\Users\venka\Documents\Project\Nail-Condition-Classification\data\grouped_split\val\Acral_Lentiginous_Melanoma\Screen-Shot-2021-11-20-at-8-10-25-PM_png.rf.bb661bda71684d336949547a61e8199f.jpg,Screen-Shot-2021-11-20-at-8-10-25-PM_png.rf.bb661bda71684d336949547a61e8199f.jpg,Acral_Lentiginous_Melanoma,blue_finger,36.34,False
C:\Users\venka\Documents\Project\Nail-Condition-Classification\data\grouped_split\val\Acral_Lentiginous_Melanoma\Screen-Shot-2021-11-20-at-8-18-10-PM_png.rf.4084904a46bcecd7736b98bb606c168d.jpg,Screen-Shot-2021-11-20-at-8-18-10-PM_png.rf.4084904a46bcecd7736b98bb606c168d.jpg,Acral_Lentiginous_Melanoma,blue_finger,76.9,False
C:\Users\venka\Documents\Project\Nail-Condition-Classification\data\grouped_split\val\Acral_Lentiginous_Melanoma\prf_11_18_11_jpg.rf.57de670fa468da5dff96e0c2c6bce4fc.jpg,prf_11_18_11_jpg.rf.57de670fa468da5dff96e0c2c6bce4fc.jpg,Acral_Lentiginous_Melanoma,clubbing,40.28,False
C:\Users\venka\Documents\Project\Nail-Condition-Classification\data\grouped_split\val\Healthy_Nail\h142_png.rf.7094274b3d53567ef2d114a08d5eedc2.jpg,h142_png.rf.7094274b3d53567ef2d114a08d5eedc2.jpg,Healthy_Nail,pitting,53.84,False
C:\Users\venka\Documents\Project\Nail-Condition-Classification\data\grouped_split\val\Healthy_Nail\h236_png.rf.9b965a92b463be6bf64538db6d6b4740.jpg,h236_png.rf.9b965a92b463be6bf64538db6d6b4740.jpg,Healthy_Nail,clubbing,80.75,False
C:\Users\venka\Documents\Project\Nail-Condition-Classification\data\grouped_split\val\Healthy_Nail\h56_png.rf.a3eb82e264eb3dfe7413f33baa49d7ec.jpg,h56_png.rf.a3eb82e264eb3dfe7413f33baa49d7ec.jpg,Healthy_Nail,Acral_Lentiginous_Melanoma,69.1,False
C:\Users\venka\Documents\Project\Nail-Condition-Classification\data\grouped_split\val\Onychogryphosis\Screen-Shot-2021-11-16-at-10-36-05-PM_png.rf.5faeeda91ad9a1b7bfa3cbdfbf8ae79b.jpg,Screen-Shot-2021-11-16-at-10-36-05-PM_png.rf.5faeeda91ad9a1b7bfa3cbdfbf8ae79b.jpg,Onychogryphosis,clubbing,62.0,False
C:\Users\venka\Documents\Project\Nail-Condition-Classification\data\grouped_split\val\Onychogryphosis\Screenshot-2021-11-21-232620_png.rf.2363290c87015bfb7e2268f2952ad990.jpg,Screenshot-2021-11-21-232620_png.rf.2363290c87015bfb7e2268f2952ad990.jpg,Onychogryphosis,Acral_Lentiginous_Melanoma,81.75,False
C:\Users\venka\Documents\Project\Nail-Condition-Classification\data\grouped_split\val\Onychogryphosis\Screenshot-2021-11-21-232620_png.rf.7286929a29477565f3ac5725534fdc41.jpg,Screenshot-2021-11-21-232620_png.rf.7286929a29477565f3ac5725534fdc41.jpg,Onychogryphosis,Acral_Lentiginous_Melanoma,54.16,False
C:\Users\venka\Documents\Project\Nail-Condition-Classification\data\grouped_split\val\Onychogryphosis\Screenshot-2021-11-21-232620_png.rf.f56968a71e51fdf5012b681ee803460b.jpg,Screenshot-2021-11-21-232620_png.rf.f56968a71e51fdf5012b681ee803460b.jpg,Onychogryphosis,Acral_Lentiginous_Melanoma,49.3,False
C:\Users\venka\Documents\Project\Nail-Condition-Classification\data\grouped_split\val\Onychogryphosis\Screenshot-2021-11-21-232633_png.rf.96a7ac8818035b5246a4f05e3e4a9964.jpg,Screenshot-2021-11-21-232633_png.rf.96a7ac8818035b5246a4f05e3e4a9964.jpg,Onychogryphosis,pitting,61.2,False
C:\Users\venka\Documents\Project\Nail-Condition-Classification\data\grouped_split\val\Onychogryphosis\images--7hiLgj_jpeg.rf.07badc72cc0a18d2ce89778c0eb02028.jpg,images--7hiLgj_jpeg.rf.07badc72cc0a18d2ce89778c0eb02028.jpg,Onychogryphosis,Acral_Lentiginous_Melanoma,85.94,False
C:\Users\venka\Documents\Project\Nail-Condition-Classification\data\grouped_split\val\Onychogryphosis\images--7hiLgj_jpeg.rf.72db456b197aa67d290dbad009ec89f2.jpg,images--7hiLgj_jpeg.rf.72db456b197aa67d290dbad009ec89f2.jpg,Onychogryphosis,Acral_Lentiginous_Melanoma,70.5,False
C:\Users\venka\Documents\Project\Nail-Condition-Classification\data\grouped_split\val\blue_finger\Screen-Shot-2021-11-22-at-10-05-11-PM_png.rf.0bf20abc5b1e3ca7fe1c9196bbb99f28.jpg,Screen-Shot-2021-11-22-at-10-05-11-PM_png.rf.0bf20abc5b1e3ca7fe1c9196bbb99f28.jpg,blue_finger,clubbing,65.1,False
C:\Users\venka\Documents\Project\Nail-Condition-Classification\data\grouped_split\val\blue_finger\Screen-Shot-2021-11-22-at-4-57-51-PM_png.rf.46cf65510fd6e06261f2232fc3d3fde4.jpg,Screen-Shot-2021-11-22-at-4-57-51-PM_png.rf.46cf65510fd6e06261f2232fc3d3fde4.jpg,blue_finger,clubbing,64.8,False
C:\Users\venka\Documents\Project\Nail-Condition-Classification\data\grouped_split\val\blue_finger\Screen-Shot-2021-11-22-at-4-57-51-PM_png.rf.8591387bd0dccb9448b0fdee4e235da8.jpg,Screen-Shot-2021-11-22-at-4-57-51-PM_png.rf.8591387bd0dccb9448b0fdee4e235da8.jpg,blue_finger,clubbing,75.25,False
C:\Users\venka\Documents\Project\Nail-Condition-Classification\data\grouped_split\val\blue_finger\Screen-Shot-2021-11-22-at-5-10-07-PM_png.rf.15ea6de8993357568365d6c4430f3c9a.jpg,Screen-Shot-2021-11-22-at-5-10-07-PM_png.rf.15ea6de8993357568365d6c4430f3c9a.jpg,blue_finger,clubbing,62.0,False
C:\Users\venka\Documents\Project\Nail-Condition-Classification\data\grouped_split\val\blue_finger\Screen-Shot-2021-11-22-at-5-10-07-PM_png.rf.7e7c3891d9a2725b19470d79b43f20e5.jpg,Screen-Shot-2021-11-22-at-5-10-07-PM_png.rf.7e7c3891d9a2725b19470d79b43f20e5.jpg,blue_finger,clubbing,90.5,False
C:\Users\venka\Documents\Project\Nail-Condition-Classification\data\grouped_split\val\blue_finger\Screen-Shot-2021-11-22-at-5-10-07-PM_png.rf.ada79554aca0a8499888c1d6555d77f5.jpg,Screen-Shot-2021-11-22-at-5-10-07-PM_png.rf.ada79554aca0a8499888c1d6555d77f5.jpg,blue_finger,clubbing,40.7,False
C:\Users\venka\Documents\Project\Nail-Condition-Classification\data\grouped_split\val\blue_finger\Screen-Shot-2021-11-22-at-5-10-19-PM_png.rf.5d4de7ded1e3613e6827276b87e5d5b3.jpg,Screen-Shot-2021-11-22-at-5-10-19-PM_png.rf.5d4de7ded1e3613e6827276b87e5d5b3.jpg,blue_finger,clubbing,71.9,False
C:\Users\venka\Documents\Project\Nail-Condition-Classification\data\grouped_split\val\blue_finger\Screen-Shot-2021-11-22-at-5-13-05-PM_png.rf.e31da9e3331ab64ed38a10a449ab7d74.jpg,Screen-Shot-2021-11-22-at-5-13-05-PM_png.rf.e31da9e3331ab64ed38a10a449ab7d74.jpg,blue_finger,clubbing,63.0,False
C:\Users\venka\Documents\Project\Nail-Condition-Classification\data\grouped_split\val\blue_finger\Screen-Shot-2021-11-22-at-5-29-14-PM_png.rf.15cce7dd0f484d660ab9f35e058cee8f.jpg,Screen-Shot-2021-11-22-at-5-29-14-PM_png.rf.15cce7dd0f484d660ab9f35e058cee8f.jpg,blue_finger,clubbing,63.8,False
C:\Users\venka\Documents\Project\Nail-Condition-Classification\data\grouped_split\val\blue_finger\Screen-Shot-2021-11-22-at-5-29-14-PM_png.rf.efebde858efc9bc940ec38a96bfb5924.jpg,Screen-Shot-2021-11-22-at-5-29-14-PM_png.rf.efebde858efc9bc940ec38a96bfb5924.jpg,blue_finger,clubbing,61.56,False
C:\Users\venka\Documents\Project\Nail-Condition-Classification\data\grouped_split\val\blue_finger\Screen-Shot-2021-11-22-at-5-30-06-PM_png.rf.6dc63585e2d49da8d44ec68cfcd7a78b.jpg,Screen-Shot-2021-11-22-at-5-30-06-PM_png.rf.6dc63585e2d49da8d44ec68cfcd7a78b.jpg,blue_finger,clubbing,62.3,False
C:\Users\venka\Documents\Project\Nail-Condition-Classification\data\grouped_split\val\blue_finger\Screen-Shot-2021-11-22-at-8-19-18-PM_png.rf.2929436be7cc2fd28c866532e805d545.jpg,Screen-Shot-2021-11-22-at-8-19-18-PM_png.rf.2929436be7cc2fd28c866532e805d545.jpg,blue_finger,Acral_Lentiginous_Melanoma,35.53,False
C:\Users\venka\Documents\Project\Nail-Condition-Classification\data\grouped_split\val\blue_finger\Screen-Shot-2021-11-22-at-8-19-18-PM_png.rf.5b65c72771d63f6ed8e08fa9d3dfab09.jpg,Screen-Shot-2021-11-22-at-8-19-18-PM_png.rf.5b65c72771d63f6ed8e08fa9d3dfab09.jpg,blue_finger,Healthy_Nail,46.38,False
C:\Users\venka\Documents\Project\Nail-Condition-Classification\data\grouped_split\val\blue_finger\Screen-Shot-2021-11-22-at-8-19-18-PM_png.rf.9127d38df7bc669350d82f9c2ab3d1cb.jpg,Screen-Shot-2021-11-22-at-8-19-18-PM_png.rf.9127d38df7bc669350d82f9c2ab3d1cb.jpg,blue_finger,Acral_Lentiginous_Melanoma,50.6,False
C:\Users\venka\Documents\Project\Nail-Condition-Classification\data\grouped_split\val\blue_finger\Screen-Shot-2021-11-22-at-8-25-04-PM_png.rf.25d6e55cc5866bc4932c0790d5faeb07.jpg,Screen-Shot-2021-11-22-at-8-25-04-PM_png.rf.25d6e55cc5866bc4932c0790d5faeb07.jpg,blue_finger,clubbing,62.84,False
C:\Users\venka\Documents\Project\Nail-Condition-Classification\data\grouped_split\val\blue_finger\Screen-Shot-2021-11-22-at-8-25-04-PM_png.rf.3287bc3f582441dd14a219a336e6de86.jpg,Screen-Shot-2021-11-22-at-8-25-04-PM_png.rf.3287bc3f582441dd14a219a336e6de86.jpg,blue_finger,clubbing,91.1,False
C:\Users\venka\Documents\Project\Nail-Condition-Classification\data\grouped_split\val\blue_finger\Screen-Shot-2021-11-22-at-8-25-04-PM_png.rf.bb52a4eab69fcf78516f8fe9d59f8b64.jpg,Screen-Shot-2021-11-22-at-8-25-04-PM_png.rf.bb52a4eab69fcf78516f8fe9d59f8b64.jpg,blue_finger,clubbing,95.6,False
C:\Users\venka\Documents\Project\Nail-Condition-Classification\data\grouped_split\val\blue_finger\Screen-Shot-2021-11-22-at-8-55-16-PM_png.rf.a149ae43a76852d66a29bf40dfe26b80.jpg,Screen-Shot-2021-11-22-at-8-55-16-PM_png.rf.a149ae43a76852d66a29bf40dfe26b80.jpg,blue_finger,clubbing,68.1,False
C:\Users\venka\Documents\Project\Nail-Condition-Classification\data\grouped_split\val\pitting\185_jpg.rf.bd44e53439fb2f480831cf82825a4c93.jpg,185_jpg.rf.bd44e53439fb2f480831cf82825a4c93.jpg,pitting,blue_finger,48.8,False
C:\Users\venka\Documents\Project\Nail-Condition-Classification\data\grouped_split\val\pitting\74_JPG.rf.9e76722ecab6259f96252c2b9f67da13.jpg,74_JPG.rf.9e76722ecab6259f96252c2b9f67da13.jpg,pitting,blue_finger,40.75,False
