Image_Path,True_Label,EfficientNet_B0_Prediction,Proposed_Model_Prediction,EfficientNet_B0_Correct,Proposed_Model_Correct,Comparison_Outcome
data/processed/test/Acral_Lentiginous_Melanoma/1124-Subungual_Melanoma-642x361-slide3_jpg.rf.20c5952ae446e61a018ac2e98609f278.jpg,Acral_Lentiginous_Melanoma,Acral_Lentiginous_Melanoma,Acral_Lentiginous_Melanoma,True,True,Both Correct
data/processed/test/Acral_Lentiginous_Melanoma/4229e494114681c808066e262f2f82ad1c89676d_jpg.rf.c06c1d1f4666c86b4d9c077d67cf65d6.jpg,Acral_Lentiginous_Melanoma,Acral_Lentiginous_Melanoma,Acral_Lentiginous_Melanoma,True,True,Both Correct
data/processed/test/Acral_Lentiginous_Melanoma/CuvmX-dWIAAv_PX_jpeg.rf.9a978ed8ec6b5c63529dbdd6a13be611.jpg,Acral_Lentiginous_Melanoma,Acral_Lentiginous_Melanoma,Acral_Lentiginous_Melanoma,True,True,Both Correct
data/processed/test/Acral_Lentiginous_Melanoma/Screen-Shot-2021-11-16-at-6-58-09-PM_png.rf.84eaa8f0ddd6568f5220a7288d709742.jpg,Acral_Lentiginous_Melanoma,Acral_Lentiginous_Melanoma,Acral_Lentiginous_Melanoma,True,True,Both Correct
data/processed/test/Acral_Lentiginous_Melanoma/Screen-Shot-2021-11-16-at-6-58-19-PM_png.rf.936289f072e08cd50fed87f99dc64f17.jpg,Acral_Lentiginous_Melanoma,Acral_Lentiginous_Melanoma,Acral_Lentiginous_Melanoma,True,True,Both Correct
data/processed/test/Acral_Lentiginous_Melanoma/Screen-Shot-2021-11-16-at-6-58-26-PM_png.rf.78b42c8cf2d2d62451936631311b1bd5.jpg,Acral_Lentiginous_Melanoma,Acral_Lentiginous_Melanoma,Acral_Lentiginous_Melanoma,True,True,Both Correct
data/processed/test/Acral_Lentiginous_Melanoma/Screen-Shot-2021-11-16-at-6-59-48-PM_png.rf.cd1b9f38eb673fc5031ab4c7c9fda753.jpg,Acral_Lentiginous_Melanoma,Acral_Lentiginous_Melanoma,Acral_Lentiginous_Melanoma,True,True,Both Correct
data/processed/test/Acral_Lentiginous_Melanoma/Screen-Shot-2021-11-16-at-7-00-57-PM_png.rf.ac7e0f8660912b0ad7d1e99ee16451f4.jpg,Acral_Lentiginous_Melanoma,Acral_Lentiginous_Melanoma,Acral_Lentiginous_Melanoma,True,True,Both Correct
data/processed/test/Acral_Lentiginous_Melanoma/Screen-Shot-2021-11-16-at-7-01-17-PM_png.rf.f6e3ef0d310e1ee2779fce1ccf4b6d5a.jpg,Acral_Lentiginous_Melanoma,Acral_Lentiginous_Melanoma,Acral_Lentiginous_Melanoma,True,True,Both Correct
data/processed/test/Acral_Lentiginous_Melanoma/Screen-Shot-2021-11-16-at-7-05-55-PM_png.rf.ade918f28d20e9e407278ebfc3eb1892.jpg,Acral_Lentiginous_Melanoma,Acral_Lentiginous_Melanoma,Acral_Lentiginous_Melanoma,True,True,Both Correct
data/processed/test/Acral_Lentiginous_Melanoma/Screen-Shot-2021-11-16-at-7-06-53-PM_png.rf.301e227b232bf6691817ffc2ece5217f.jpg,Acral_Lentiginous_Melanoma,Acral_Lentiginous_Melanoma,Acral_Lentiginous_Melanoma,True,True,Both Correct
data/processed/test/Acral_Lentiginous_Melanoma/Screen-Shot-2021-11-16-at-7-07-46-PM_png.rf.229f8f3912643ac3f8d34ddf9bdc3d24.jpg,Acral_Lentiginous_Melanoma,Acral_Lentiginous_Melanoma,Acral_Lentiginous_Melanoma,True,True,Both Correct
data/processed/test/Acral_Lentiginous_Melanoma/Screen-Shot-2021-11-16-at-7-07-58-PM_png.rf.3709c21322417722890579eef8538ea8.jpg,Acral_Lentiginous_Melanoma,Acral_Lentiginous_Melanoma,Acral_Lentiginous_Melanoma,True,True,Both Correct
data/processed/test/Acral_Lentiginous_Melanoma/Screen-Shot-2021-11-16-at-7-08-26-PM_png.rf.5f82c4749b34db20407b5665a56aec2c.jpg,Acral_Lentiginous_Melanoma,Acral_Lentiginous_Melanoma,Acral_Lentiginous_Melanoma,True,True,Both Correct
data/processed/test/Acral_Lentiginous_Melanoma/Screen-Shot-2021-11-16-at-7-10-55-PM_png.rf.98b46b85ecb9ecc122c1d6e0823ec4fd.jpg,Acral_Lentiginous_Melanoma,Acral_Lentiginous_Melanoma,Acral_Lentiginous_Melanoma,True,True,Both Correct
data/processed/test/Acral_Lentiginous_Melanoma/Screen-Shot-2021-11-16-at-7-12-11-PM_png.rf.35bd81c211094dbe7b79cfa959c66901.jpg,Acral_Lentiginous_Melanoma,Acral_Lentiginous_Melanoma,Acral_Lentiginous_Melanoma,True,True,Both Correct
data/processed/test/Acral_Lentiginous_Melanoma/Screen-Shot-2021-11-16-at-7-12-20-PM_png.rf.a1e34811f9245102102eae95c74eb0b4.jpg,Acral_Lentiginous_Melanoma,Acral_Lentiginous_Melanoma,Acral_Lentiginous_Melanoma,True,True,Both Correct
data/processed/test/Acral_Lentiginous_Melanoma/Screen-Shot-2021-11-16-at-7-13-16-PM_png.rf.e87e6b3b42c2bb13d3a83d4d400a5889.jpg,Acral_Lentiginous_Melanoma,Acral_Lentiginous_Melanoma,Acral_Lentiginous_Melanoma,True,True,Both Correct
data/processed/test/Acral_Lentiginous_Melanoma/Screen-Shot-2021-11-16-at-7-13-54-PM_png.rf.45989c6f9448c034faaab9094b18ef39.jpg,Acral_Lentiginous_Melanoma,Acral_Lentiginous_Melanoma,Acral_Lentiginous_Melanoma,True,True,Both Correct
data/processed/test/Acral_Lentiginous_Melanoma/Screen-Shot-2021-11-16-at-7-14-06-PM_png.rf.d510d4c93a08ad1ea8ff2879954bbc54.jpg,Acral_Lentiginous_Melanoma,Acral_Lentiginous_Melanoma,Acral_Lentiginous_Melanoma,True,True,Both Correct
data/processed/test/Acral_Lentiginous_Melanoma/Screen-Shot-2021-11-16-at-7-14-19-PM_png.rf.b708150bce14b78522e00a91b26ebad0.jpg,Acral_Lentiginous_Melanoma,Acral_Lentiginous_Melanoma,Acral_Lentiginous_Melanoma,True,True,Both Correct
data/processed/test/Acral_Lentiginous_Melanoma/Screen-Shot-2021-11-16-at-7-16-43-PM_png.rf.7e13e8110130f7cba18e1cc3d749e32d.jpg,Acral_Lentiginous_Melanoma,Acral_Lentiginous_Melanoma,Acral_Lentiginous_Melanoma,True,True,Both Correct
data/processed/test/Acral_Lentiginous_Melanoma/Screen-Shot-2021-11-16-at-7-16-43-PM_png.rf.8f156a1c22f337fff0147c8e87829c67.jpg,Acral_Lentiginous_Melanoma,Acral_Lentiginous_Melanoma,Acral_Lentiginous_Melanoma,True,True,Both Correct
data/processed/test/Acral_Lentiginous_Melanoma/Screen-Shot-2021-11-16-at-7-17-45-PM_png.rf.cfc11a7bda850be0b92d371c2898d3ad.jpg,Acral_Lentiginous_Melanoma,Acral_Lentiginous_Melanoma,Acral_Lentiginous_Melanoma,True,True,Both Correct
data/processed/test/Acral_Lentiginous_Melanoma/Screen-Shot-2021-11-19-at-1-00-57-AM_png.rf.a2258dc96f532e444028a5e4a4ffbc08.jpg,Acral_Lentiginous_Melanoma,Acral_Lentiginous_Melanoma,Acral_Lentiginous_Melanoma,True,True,Both Correct
data/processed/test/Acral_Lentiginous_Melanoma/Screen-Shot-2021-11-19-at-1-26-44-AM_png.rf.03df3d79c9891041f8ab532e86611594.jpg,Acral_Lentiginous_Melanoma,Acral_Lentiginous_Melanoma,Acral_Lentiginous_Melanoma,True,True,Both Correct
data/processed/test/Acral_Lentiginous_Melanoma/Screen-Shot-2021-11-19-at-1-26-44-AM_png.rf.66e4fd6d1ebbd04e3fc38643186be981.jpg,Acral_Lentiginous_Melanoma,Acral_Lentiginous_Melanoma,Acral_Lentiginous_Melanoma,True,True,Both Correct
data/processed/test/Acral_Lentiginous_Melanoma/Screen-Shot-2021-11-19-at-1-27-17-AM_png.rf.171b5238a47c916d76d2bf732066c2c5.jpg,Acral_Lentiginous_Melanoma,Acral_Lentiginous_Melanoma,Acral_Lentiginous_Melanoma,True,True,Both Correct
data/processed/test/Acral_Lentiginous_Melanoma/Screen-Shot-2021-11-19-at-1-31-21-AM_png.rf.95301877af646b998ed8900ceb1f9922.jpg,Acral_Lentiginous_Melanoma,Acral_Lentiginous_Melanoma,Acral_Lentiginous_Melanoma,True,True,Both Correct
data/processed/test/Acral_Lentiginous_Melanoma/Screen-Shot-2021-11-19-at-1-37-53-AM_png.rf.86e9cbce0daafa7832fb3714a0db02b2.jpg,Acral_Lentiginous_Melanoma,Acral_Lentiginous_Melanoma,Acral_Lentiginous_Melanoma,True,True,Both Correct
data/processed/test/Acral_Lentiginous_Melanoma/Screen-Shot-2021-11-19-at-1-37-53-AM_png.rf.9d6300e1057cbc889cfbcebc20d981f4.jpg,Acral_Lentiginous_Melanoma,Acral_Lentiginous_Melanoma,Acral_Lentiginous_Melanoma,True,True,Both Correct
data/processed/test/Acral_Lentiginous_Melanoma/Screen-Shot-2021-11-19-at-1-38-40-AM_png.rf.92fc8206cceda2823ce5b41b7ea5a9c0.jpg,Acral_Lentiginous_Melanoma,Acral_Lentiginous_Melanoma,Acral_Lentiginous_Melanoma,True,True,Both Correct
data/processed/test/Acral_Lentiginous_Melanoma/Screen-Shot-2021-11-19-at-1-38-57-AM_png.rf.b976b1f54cf785e66974724e4e4585fa.jpg,Acral_Lentiginous_Melanoma,Acral_Lentiginous_Melanoma,Acral_Lentiginous_Melanoma,True,True,Both Correct
data/processed/test/Acral_Lentiginous_Melanoma/Screen-Shot-2021-11-19-at-1-41-42-AM_png.rf.7571ea90c4bb5276b0d77d9e42db93f1.jpg,Acral_Lentiginous_Melanoma,Acral_Lentiginous_Melanoma,Acral_Lentiginous_Melanoma,True,True,Both Correct
data/processed/test/Acral_Lentiginous_Melanoma/Screen-Shot-2021-11-19-at-1-43-17-AM_png.rf.1182e23c51367d6cfe89acbb693bf1ab.jpg,Acral_Lentiginous_Melanoma,Acral_Lentiginous_Melanoma,Acral_Lentiginous_Melanoma,True,True,Both Correct
data/processed/test/Acral_Lentiginous_Melanoma/Screen-Shot-2021-11-19-at-1-45-52-AM_png.rf.59970b0d8735b67e97a6b322165ff8a4.jpg,Acral_Lentiginous_Melanoma,Acral_Lentiginous_Melanoma,Acral_Lentiginous_Melanoma,True,True,Both Correct
data/processed/test/Acral_Lentiginous_Melanoma/Screen-Shot-2021-11-19-at-1-53-47-AM_png.rf.18813d4eb66090b5a04d80ec958f833b.jpg,Acral_Lentiginous_Melanoma,Acral_Lentiginous_Melanoma,Acral_Lentiginous_Melanoma,True,True,Both Correct
data/processed/test/Acral_Lentiginous_Melanoma/Screen-Shot-2021-11-19-at-1-54-25-AM_png.rf.6f719fe9b2f233b8253010a4e82d60e1.jpg,Acral_Lentiginous_Melanoma,Acral_Lentiginous_Melanoma,Acral_Lentiginous_Melanoma,True,True,Both Correct
data/processed/test/Acral_Lentiginous_Melanoma/Screen-Shot-2021-11-19-at-1-54-57-AM_png.rf.28d1b22593c06e5dda8f58aac3c41d33.jpg,Acral_Lentiginous_Melanoma,Acral_Lentiginous_Melanoma,Acral_Lentiginous_Melanoma,True,True,Both Correct
data/processed/test/Acral_Lentiginous_Melanoma/Screen-Shot-2021-11-19-at-1-55-04-AM_png.rf.042cf77f894b5b2a9af7bf094bb89e41.jpg,Acral_Lentiginous_Melanoma,Acral_Lentiginous_Melanoma,Acral_Lentiginous_Melanoma,True,True,Both Correct
data/processed/test/Acral_Lentiginous_Melanoma/Screen-Shot-2021-11-19-at-1-56-09-AM_png.rf.353c99bb4a0569ff859a449ceedc8ec4.jpg,Acral_Lentiginous_Melanoma,Acral_Lentiginous_Melanoma,Acral_Lentiginous_Melanoma,True,True,Both Correct
data/processed/test/Acral_Lentiginous_Melanoma/Screen-Shot-2021-11-19-at-1-56-53-AM_png.rf.13e734ae3291f05e68eb02889424a436.jpg,Acral_Lentiginous_Melanoma,Acral_Lentiginous_Melanoma,Acral_Lentiginous_Melanoma,True,True,Both Correct
data/processed/test/Acral_Lentiginous_Melanoma/Screen-Shot-2021-11-19-at-12-37-14-AM_png.rf.a69cedffa7f913f6ece573e56db1d965.jpg,Acral_Lentiginous_Melanoma,Acral_Lentiginous_Melanoma,Acral_Lentiginous_Melanoma,True,True,Both Correct
data/processed/test/Acral_Lentiginous_Melanoma/Screen-Shot-2021-11-19-at-12-39-46-AM_png.rf.cb554363f5f823f709477ebdd056743a.jpg,Acral_Lentiginous_Melanoma,Acral_Lentiginous_Melanoma,Acral_Lentiginous_Melanoma,True,True,Both Correct
data/processed/test/Acral_Lentiginous_Melanoma/Screen-Shot-2021-11-19-at-12-41-44-AM_png.rf.de5b25017790d49322e13188cf0b2c91.jpg,Acral_Lentiginous_Melanoma,Acral_Lentiginous_Melanoma,Acral_Lentiginous_Melanoma,True,True,Both Correct
data/processed/test/Acral_Lentiginous_Melanoma/Screen-Shot-2021-11-19-at-12-55-27-AM_png.rf.496947b15eade645613e333ead8fa545.jpg,Acral_Lentiginous_Melanoma,Acral_Lentiginous_Melanoma,Acral_Lentiginous_Melanoma,True,True,Both Correct
data/processed/test/Acral_Lentiginous_Melanoma/Screen-Shot-2021-11-19-at-12-55-39-AM_png.rf.8d61a0594fc64089c87dd00b0e6f0b09.jpg,Acral_Lentiginous_Melanoma,Acral_Lentiginous_Melanoma,Acral_Lentiginous_Melanoma,True,True,Both Correct
data/processed/test/Acral_Lentiginous_Melanoma/Screen-Shot-2021-11-19-at-12-56-04-AM_png.rf.38820238dd67401dd034f47057e9a613.jpg,Acral_Lentiginous_Melanoma,Acral_Lentiginous_Melanoma,Acral_Lentiginous_Melanoma,True,True,Both Correct
data/processed/test/Acral_Lentiginous_Melanoma/Screen-Shot-2021-11-19-at-12-56-04-AM_png.rf.f1f22bb8840afb9f1fd822a35ba450e2.jpg,Acral_Lentiginous_Melanoma,Acral_Lentiginous_Melanoma,Acral_Lentiginous_Melanoma,True,True,Both Correct
data/processed/test/Acral_Lentiginous_Melanoma/Screen-Shot-2021-11-19-at-2-10-05-AM_png.rf.020549b2c1e999dab8f0cf598e5141c4.jpg,Acral_Lentiginous_Melanoma,Acral_Lentiginous_Melanoma,Acral_Lentiginous_Melanoma,True,True,Both Correct
data/processed/test/Acral_Lentiginous_Melanoma/Screen-Shot-2021-11-19-at-2-10-05-AM_png.rf.0df26b0d045346f53580d4062e3c0c4c.jpg,Acral_Lentiginous_Melanoma,Acral_Lentiginous_Melanoma,Acral_Lentiginous_Melanoma,True,True,Both Correct
data/processed/test/Acral_Lentiginous_Melanoma/Screen-Shot-2021-11-19-at-2-11-28-AM_png.rf.2196b737c3e2e387b824e8ff30fbf610.jpg,Acral_Lentiginous_Melanoma,Acral_Lentiginous_Melanoma,clubbing,True,False,Only EfficientNet Correct
data/processed/test/Acral_Lentiginous_Melanoma/Screen-Shot-2021-11-19-at-2-12-47-AM_png.rf.af605b32b8c090599dc185f4aac29390.jpg,Acral_Lentiginous_Melanoma,Acral_Lentiginous_Melanoma,Acral_Lentiginous_Melanoma,True,True,Both Correct
data/processed/test/Acral_Lentiginous_Melanoma/Screen-Shot-2021-11-19-at-2-12-47-AM_png.rf.f04281edd2ddc4fcb10e3617650978fc.jpg,Acral_Lentiginous_Melanoma,Acral_Lentiginous_Melanoma,Acral_Lentiginous_Melanoma,True,True,Both Correct
data/processed/test/Acral_Lentiginous_Melanoma/Screen-Shot-2021-11-19-at-2-13-04-AM_png.rf.4d3eb3e80791302af1b1807e55b86998.jpg,Acral_Lentiginous_Melanoma,Acral_Lentiginous_Melanoma,Acral_Lentiginous_Melanoma,True,True,Both Correct
data/processed/test/Acral_Lentiginous_Melanoma/Screen-Shot-2021-11-19-at-2-13-04-AM_png.rf.d5a7ff146a4d86ee96d28eace69028e4.jpg,Acral_Lentiginous_Melanoma,Acral_Lentiginous_Melanoma,Acral_Lentiginous_Melanoma,True,True,Both Correct
data/processed/test/Acral_Lentiginous_Melanoma/Screen-Shot-2021-11-19-at-2-14-13-AM_png.rf.9660cbce1aaec42bb0c08b094f62a921.jpg,Acral_Lentiginous_Melanoma,Acral_Lentiginous_Melanoma,Acral_Lentiginous_Melanoma,True,True,Both Correct
data/processed/test/Acral_Lentiginous_Melanoma/Screen-Shot-2021-11-19-at-2-17-07-AM_png.rf.9a0f7760436155c743d9eaaf97c76d58.jpg,Acral_Lentiginous_Melanoma,Acral_Lentiginous_Melanoma,Acral_Lentiginous_Melanoma,True,True,Both Correct
data/processed/test/Acral_Lentiginous_Melanoma/Screen-Shot-2021-11-19-at-2-17-07-AM_png.rf.a37178cbefd2c3f72c2ffd42074852f5.jpg,Acral_Lentiginous_Melanoma,Acral_Lentiginous_Melanoma,Acral_Lentiginous_Melanoma,True,True,Both Correct
data/processed/test/Acral_Lentiginous_Melanoma/Screen-Shot-2021-11-19-at-2-26-44-AM_png.rf.7e362aed364a99d850d18e2a03d30ce7.jpg,Acral_Lentiginous_Melanoma,Acral_Lentiginous_Melanoma,Acral_Lentiginous_Melanoma,True,True,Both Correct
data/processed/test/Acral_Lentiginous_Melanoma/Screen-Shot-2021-11-19-at-2-27-01-AM_png.rf.e1401db8fc51737dd68afb3cf9807c54.jpg,Acral_Lentiginous_Melanoma,Acral_Lentiginous_Melanoma,Acral_Lentiginous_Melanoma,True,True,Both Correct
data/processed/test/Acral_Lentiginous_Melanoma/Screen-Shot-2021-11-19-at-2-27-33-AM_png.rf.b6708cb30f43cb115020f98cf59220a2.jpg,Acral_Lentiginous_Melanoma,Acral_Lentiginous_Melanoma,Acral_Lentiginous_Melanoma,True,True,Both Correct
data/processed/test/Acral_Lentiginous_Melanoma/Screen-Shot-2021-11-19-at-2-27-56-AM_png.rf.73d097900279fe7340bc2c2d6902cbe5.jpg,Acral_Lentiginous_Melanoma,Acral_Lentiginous_Melanoma,Acral_Lentiginous_Melanoma,True,True,Both Correct
data/processed/test/Acral_Lentiginous_Melanoma/Screen-Shot-2021-11-19-at-2-30-18-AM_png.rf.4c540a33e29875f38fc7e311a3706f75.jpg,Acral_Lentiginous_Melanoma,Acral_Lentiginous_Melanoma,Acral_Lentiginous_Melanoma,True,True,Both Correct
data/processed/test/Acral_Lentiginous_Melanoma/Screen-Shot-2021-11-20-at-10-04-59-PM_png.rf.4bca1f65b69fd5c28f76dc67b9a3753d.jpg,Acral_Lentiginous_Melanoma,Acral_Lentiginous_Melanoma,Acral_Lentiginous_Melanoma,True,True,Both Correct
data/processed/test/Acral_Lentiginous_Melanoma/Screen-Shot-2021-11-20-at-10-24-29-PM_png.rf.56724e81eeec07272eea77d625c27875.jpg,Acral_Lentiginous_Melanoma,Acral_Lentiginous_Melanoma,Acral_Lentiginous_Melanoma,True,True,Both Correct
data/processed/test/Acral_Lentiginous_Melanoma/Screen-Shot-2021-11-20-at-10-24-29-PM_png.rf.75206f6cfcbba7486aa8c7eeecb6c1d3.jpg,Acral_Lentiginous_Melanoma,Acral_Lentiginous_Melanoma,Acral_Lentiginous_Melanoma,True,True,Both Correct
data/processed/test/Acral_Lentiginous_Melanoma/Screen-Shot-2021-11-20-at-10-25-02-PM_png.rf.787055924f2b6480dea89f2588fb3b37.jpg,Acral_Lentiginous_Melanoma,Acral_Lentiginous_Melanoma,Acral_Lentiginous_Melanoma,True,True,Both Correct
data/processed/test/Acral_Lentiginous_Melanoma/Screen-Shot-2021-11-20-at-10-28-12-PM_png.rf.3c036eaef8513ddd248c217a7195a233.jpg,Acral_Lentiginous_Melanoma,Acral_Lentiginous_Melanoma,Acral_Lentiginous_Melanoma,True,True,Both Correct
data/processed/test/Acral_Lentiginous_Melanoma/Screen-Shot-2021-11-20-at-10-30-41-PM_png.rf.a97e3d81c76e60862e65f8b657db5c3e.jpg,Acral_Lentiginous_Melanoma,Acral_Lentiginous_Melanoma,Acral_Lentiginous_Melanoma,True,True,Both Correct
data/processed/test/Acral_Lentiginous_Melanoma/Screen-Shot-2021-11-20-at-10-40-57-PM_png.rf.c896d8a6837b555770ce6aba1bf15739.jpg,Acral_Lentiginous_Melanoma,Acral_Lentiginous_Melanoma,Acral_Lentiginous_Melanoma,True,True,Both Correct
data/processed/test/Acral_Lentiginous_Melanoma/Screen-Shot-2021-11-20-at-7-49-00-PM_png.rf.2ab0b916fbf0c3cdefddce58cb4dcc77.jpg,Acral_Lentiginous_Melanoma,Acral_Lentiginous_Melanoma,Acral_Lentiginous_Melanoma,True,True,Both Correct
data/processed/test/Acral_Lentiginous_Melanoma/Screen-Shot-2021-11-20-at-7-49-26-PM_png.rf.4d3d8c48f29ba530ac9fefdbaba0a440.jpg,Acral_Lentiginous_Melanoma,Acral_Lentiginous_Melanoma,Acral_Lentiginous_Melanoma,True,True,Both Correct
data/processed/test/Acral_Lentiginous_Melanoma/Screen-Shot-2021-11-20-at-7-49-46-PM_png.rf.38fa6498f1f7e7a89187f6528688b2ed.jpg,Acral_Lentiginous_Melanoma,Acral_Lentiginous_Melanoma,Acral_Lentiginous_Melanoma,True,True,Both Correct
data/processed/test/Acral_Lentiginous_Melanoma/Screen-Shot-2021-11-20-at-7-52-57-PM_png.rf.a285b1200d2b44506b97ad84ce9506e0.jpg,Acral_Lentiginous_Melanoma,Acral_Lentiginous_Melanoma,Acral_Lentiginous_Melanoma,True,True,Both Correct
data/processed/test/Acral_Lentiginous_Melanoma/Screen-Shot-2021-11-20-at-7-53-27-PM_png.rf.ef266f5d4a24a6529e17b9e67a1f413d.jpg,Acral_Lentiginous_Melanoma,Acral_Lentiginous_Melanoma,Acral_Lentiginous_Melanoma,True,True,Both Correct
data/processed/test/Acral_Lentiginous_Melanoma/Screen-Shot-2021-11-20-at-7-56-35-PM_png.rf.35edd084b9cef21b9f11f52b7e4bd842.jpg,Acral_Lentiginous_Melanoma,Acral_Lentiginous_Melanoma,Acral_Lentiginous_Melanoma,True,True,Both Correct
data/processed/test/Acral_Lentiginous_Melanoma/Screen-Shot-2021-11-20-at-7-57-54-PM_png.rf.98d50944c8a173b2d9d781dd48a3fd00.jpg,Acral_Lentiginous_Melanoma,Acral_Lentiginous_Melanoma,Acral_Lentiginous_Melanoma,True,True,Both Correct
data/processed/test/Acral_Lentiginous_Melanoma/Screen-Shot-2021-11-20-at-8-00-48-PM_png.rf.3195c3538670c7b8d81f685e1766a643.jpg,Acral_Lentiginous_Melanoma,Acral_Lentiginous_Melanoma,Acral_Lentiginous_Melanoma,True,True,Both Correct
data/processed/test/Acral_Lentiginous_Melanoma/Screen-Shot-2021-11-20-at-8-00-58-PM_png.rf.7dd201e29f62ceaa36e9eb7acca6d4e4.jpg,Acral_Lentiginous_Melanoma,Acral_Lentiginous_Melanoma,Acral_Lentiginous_Melanoma,True,True,Both Correct
data/processed/test/Acral_Lentiginous_Melanoma/Screen-Shot-2021-11-20-at-8-04-14-PM_png.rf.3be306a4994e4ba819cd8a2eec8399c0.jpg,Acral_Lentiginous_Melanoma,Acral_Lentiginous_Melanoma,Acral_Lentiginous_Melanoma,True,True,Both Correct
data/processed/test/Acral_Lentiginous_Melanoma/Screen-Shot-2021-11-20-at-8-08-29-PM_png.rf.c49acb28bc7afaaf6a6b53c24dfa1dcc.jpg,Acral_Lentiginous_Melanoma,Acral_Lentiginous_Melanoma,Acral_Lentiginous_Melanoma,True,True,Both Correct
data/processed/test/Acral_Lentiginous_Melanoma/Screen-Shot-2021-11-20-at-8-10-21-PM_png.rf.31e544d37ad8a522815ec1ae2b00ec7e.jpg,Acral_Lentiginous_Melanoma,Acral_Lentiginous_Melanoma,Acral_Lentiginous_Melanoma,True,True,Both Correct
data/processed/test/Acral_Lentiginous_Melanoma/Screen-Shot-2021-11-20-at-8-17-41-PM_png.rf.27789e84d5f5ed0321cbe367950864bc.jpg,Acral_Lentiginous_Melanoma,Acral_Lentiginous_Melanoma,Acral_Lentiginous_Melanoma,True,True,Both Correct
data/processed/test/Acral_Lentiginous_Melanoma/Screen-Shot-2021-11-20-at-8-18-57-PM_png.rf.cc4bd580ede15e97480ab4eef6d4d330.jpg,Acral_Lentiginous_Melanoma,Acral_Lentiginous_Melanoma,Acral_Lentiginous_Melanoma,True,True,Both Correct
data/processed/test/Acral_Lentiginous_Melanoma/Screen-Shot-2021-11-20-at-8-19-36-PM_png.rf.ed8f7cdb6bb37c7478ad5de1cebbe8c4.jpg,Acral_Lentiginous_Melanoma,Acral_Lentiginous_Melanoma,Acral_Lentiginous_Melanoma,True,True,Both Correct
data/processed/test/Acral_Lentiginous_Melanoma/Screen-Shot-2021-11-20-at-8-19-44-PM_png.rf.ff99432db18e600c9322229e7f6dfbdd.jpg,Acral_Lentiginous_Melanoma,Acral_Lentiginous_Melanoma,Acral_Lentiginous_Melanoma,True,True,Both Correct
data/processed/test/Acral_Lentiginous_Melanoma/Screen-Shot-2021-11-20-at-8-19-58-PM_png.rf.ec028e7900c519619ffe896d06ed3563.jpg,Acral_Lentiginous_Melanoma,Acral_Lentiginous_Melanoma,Acral_Lentiginous_Melanoma,True,True,Both Correct
data/processed/test/Acral_Lentiginous_Melanoma/Screen-Shot-2021-11-20-at-8-20-37-PM_png.rf.1177b908bb1bdf00d199844d967a21b6.jpg,Acral_Lentiginous_Melanoma,Acral_Lentiginous_Melanoma,Acral_Lentiginous_Melanoma,True,True,Both Correct
data/processed/test/Acral_Lentiginous_Melanoma/Screen-Shot-2021-11-20-at-8-24-21-PM_png.rf.0f2dbe76a7763a4b85d582ba285fb3d7.jpg,Acral_Lentiginous_Melanoma,Acral_Lentiginous_Melanoma,Acral_Lentiginous_Melanoma,True,True,Both Correct
data/processed/test/Acral_Lentiginous_Melanoma/Screen-Shot-2021-11-20-at-8-24-21-PM_png.rf.265a60011509c37fc669aeb2bc4dd86c.jpg,Acral_Lentiginous_Melanoma,Acral_Lentiginous_Melanoma,Acral_Lentiginous_Melanoma,True,True,Both Correct
data/processed/test/Acral_Lentiginous_Melanoma/Screen-Shot-2021-11-20-at-8-26-37-PM_png.rf.2c509916dff46da2beafd840d9976060.jpg,Acral_Lentiginous_Melanoma,Acral_Lentiginous_Melanoma,Acral_Lentiginous_Melanoma,True,True,Both Correct
data/processed/test/Acral_Lentiginous_Melanoma/Screen-Shot-2021-11-20-at-8-26-59-PM_png.rf.3d83a31597c3eea022d92db406a40a34.jpg,Acral_Lentiginous_Melanoma,Acral_Lentiginous_Melanoma,Acral_Lentiginous_Melanoma,True,True,Both Correct
data/processed/test/Acral_Lentiginous_Melanoma/Screen-Shot-2021-11-20-at-8-28-25-PM_png.rf.3f90a16cdb98234cf27b2b42847c369b.jpg,Acral_Lentiginous_Melanoma,Acral_Lentiginous_Melanoma,Acral_Lentiginous_Melanoma,True,True,Both Correct
data/processed/test/Acral_Lentiginous_Melanoma/Screen-Shot-2021-11-20-at-8-28-59-PM_png.rf.0bea19500f8b69b961a6c6a79017704f.jpg,Acral_Lentiginous_Melanoma,Acral_Lentiginous_Melanoma,Acral_Lentiginous_Melanoma,True,True,Both Correct
data/processed/test/Acral_Lentiginous_Melanoma/Screen-Shot-2021-11-20-at-8-29-24-PM_png.rf.6cf07d1e9803394a8a589e241a272ab8.jpg,Acral_Lentiginous_Melanoma,Acral_Lentiginous_Melanoma,Acral_Lentiginous_Melanoma,True,True,Both Correct
data/processed/test/Acral_Lentiginous_Melanoma/Screen-Shot-2021-11-20-at-8-34-56-PM_png.rf.72ce587793ab2915b099dc0e0991d666.jpg,Acral_Lentiginous_Melanoma,Acral_Lentiginous_Melanoma,Acral_Lentiginous_Melanoma,True,True,Both Correct
data/processed/test/Acral_Lentiginous_Melanoma/Screen-Shot-2021-11-20-at-8-35-45-PM_png.rf.d8bf9d4fce4fbf529a7bc20a35774965.jpg,Acral_Lentiginous_Melanoma,blue_finger,blue_finger,False,False,Both Incorrect
data/processed/test/Acral_Lentiginous_Melanoma/Screen-Shot-2021-11-20-at-8-36-28-PM_png.rf.4f19bcd940707d52c460b9928b0c0b9e.jpg,Acral_Lentiginous_Melanoma,Acral_Lentiginous_Melanoma,Acral_Lentiginous_Melanoma,True,True,Both Correct
data/processed/test/Acral_Lentiginous_Melanoma/Screen-Shot-2021-11-20-at-8-36-28-PM_png.rf.a0ef3501b28b4449d2f6e29070d68df0.jpg,Acral_Lentiginous_Melanoma,Acral_Lentiginous_Melanoma,Acral_Lentiginous_Melanoma,True,True,Both Correct
data/processed/test/Acral_Lentiginous_Melanoma/Screen-Shot-2021-11-20-at-8-37-53-PM_png.rf.151e47104229715650edf3d2c616cd97.jpg,Acral_Lentiginous_Melanoma,Acral_Lentiginous_Melanoma,Acral_Lentiginous_Melanoma,True,True,Both Correct
data/processed/test/Acral_Lentiginous_Melanoma/Screen-Shot-2021-11-20-at-9-40-12-PM_png.rf.70c56945c09ee61fabe87c2d49b43524.jpg,Acral_Lentiginous_Melanoma,Acral_Lentiginous_Melanoma,Acral_Lentiginous_Melanoma,True,True,Both Correct
data/processed/test/Acral_Lentiginous_Melanoma/Screen-Shot-2021-11-20-at-9-40-12-PM_png.rf.a64261b30e41669e1bda873e33209cb8.jpg,Acral_Lentiginous_Melanoma,Acral_Lentiginous_Melanoma,Acral_Lentiginous_Melanoma,True,True,Both Correct
data/processed/test/Acral_Lentiginous_Melanoma/Screen-Shot-2021-11-20-at-9-40-24-PM_png.rf.2e583a7fc84f93371b442de3084d0dec.jpg,Acral_Lentiginous_Melanoma,Acral_Lentiginous_Melanoma,Acral_Lentiginous_Melanoma,True,True,Both Correct
data/processed/test/Acral_Lentiginous_Melanoma/Screen-Shot-2021-11-20-at-9-40-24-PM_png.rf.a13698104d86da1cf606e43a4b261213.jpg,Acral_Lentiginous_Melanoma,Acral_Lentiginous_Melanoma,Acral_Lentiginous_Melanoma,True,True,Both Correct
data/processed/test/Acral_Lentiginous_Melanoma/Screen-Shot-2021-11-20-at-9-40-40-PM_png.rf.4f81e7421f562007071bed7301865fbf.jpg,Acral_Lentiginous_Melanoma,Acral_Lentiginous_Melanoma,Acral_Lentiginous_Melanoma,True,True,Both Correct
data/processed/test/Acral_Lentiginous_Melanoma/Screen-Shot-2021-11-20-at-9-44-26-PM_png.rf.40c5dc15cf021028b66093a6950f24d3.jpg,Acral_Lentiginous_Melanoma,Acral_Lentiginous_Melanoma,Acral_Lentiginous_Melanoma,True,True,Both Correct
data/processed/test/Acral_Lentiginous_Melanoma/Screen-Shot-2021-11-20-at-9-44-34-PM_png.rf.4fa5a021cf00243d0650ba18e6fd1986.jpg,Acral_Lentiginous_Melanoma,Acral_Lentiginous_Melanoma,Acral_Lentiginous_Melanoma,True,True,Both Correct
data/processed/test/Acral_Lentiginous_Melanoma/hutchinsons-nail-melanoma-Nameer-Al-Sudany_png.rf.0ac0ae87f994c75ff150cba6897a5e72.jpg,Acral_Lentiginous_Melanoma,Acral_Lentiginous_Melanoma,Acral_Lentiginous_Melanoma,True,True,Both Correct
data/processed/test/Acral_Lentiginous_Melanoma/hutchinsons-nail-melanoma-Nameer-Al-Sudany_png.rf.6e0ffcf4ec169817436e1047a6992284.jpg,Acral_Lentiginous_Melanoma,Acral_Lentiginous_Melanoma,Acral_Lentiginous_Melanoma,True,True,Both Correct
data/processed/test/Acral_Lentiginous_Melanoma/nail-melanoma-2-300x180_jpg.rf.15e478ceef3c930f98f08d67d4527183.jpg,Acral_Lentiginous_Melanoma,Acral_Lentiginous_Melanoma,Acral_Lentiginous_Melanoma,True,True,Both Correct
data/processed/test/Acral_Lentiginous_Melanoma/p-1-womans-story-shows-why-you-should-never-ignore-black-line-on-your-nail-1506429403_jpg.rf.88ee9943b08313dde0aa6071626e751b.jpg,Acral_Lentiginous_Melanoma,Acral_Lentiginous_Melanoma,Acral_Lentiginous_Melanoma,True,True,Both Correct
data/processed/test/Acral_Lentiginous_Melanoma/prf_11_18_11_jpg.rf.57de670fa468da5dff96e0c2c6bce4fc.jpg,Acral_Lentiginous_Melanoma,Acral_Lentiginous_Melanoma,Acral_Lentiginous_Melanoma,True,True,Both Correct
data/processed/test/Healthy_Nail/h104_png.rf.a9d878a9da04641c85603d3e42c8360a.jpg,Healthy_Nail,Healthy_Nail,Healthy_Nail,True,True,Both Correct
data/processed/test/Healthy_Nail/h111_png.rf.ebeeca767049de4f1ab0698fe11c4cd9.jpg,Healthy_Nail,Healthy_Nail,Healthy_Nail,True,True,Both Correct
data/processed/test/Healthy_Nail/h118_png.rf.923dc61b6027a6ac9b5645c1758b0cc7.jpg,Healthy_Nail,Healthy_Nail,Healthy_Nail,True,True,Both Correct
data/processed/test/Healthy_Nail/h126_png.rf.fe389450428b17b72749de4debe2a368.jpg,Healthy_Nail,Healthy_Nail,Healthy_Nail,True,True,Both Correct
data/processed/test/Healthy_Nail/h132_png.rf.f837aa21de478ec2bff354d8fb39afff.jpg,Healthy_Nail,clubbing,blue_finger,False,False,Both Incorrect
data/processed/test/Healthy_Nail/h139_png.rf.d49706dd9198a3b97dbc61179887a4d6.jpg,Healthy_Nail,Healthy_Nail,Healthy_Nail,True,True,Both Correct
data/processed/test/Healthy_Nail/h141_png.rf.0510aaee32ef8560e7cc658e8cd53e83.jpg,Healthy_Nail,Healthy_Nail,Healthy_Nail,True,True,Both Correct
data/processed/test/Healthy_Nail/h141_png.rf.346abfd529845353266b5e9370558e8d.jpg,Healthy_Nail,Healthy_Nail,Healthy_Nail,True,True,Both Correct
data/processed/test/Healthy_Nail/h14_png.rf.2e14dbbd69dfe15e888521fd5a4a9f5f.jpg,Healthy_Nail,Healthy_Nail,Healthy_Nail,True,True,Both Correct
data/processed/test/Healthy_Nail/h156_png.rf.16a36faf90963d495bf9253a70dcdb06.jpg,Healthy_Nail,Healthy_Nail,Healthy_Nail,True,True,Both Correct
data/processed/test/Healthy_Nail/h160_png.rf.e2ec562dc82ec424d5df6a526273650e.jpg,Healthy_Nail,Healthy_Nail,Healthy_Nail,True,True,Both Correct
data/processed/test/Healthy_Nail/h161_png.rf.edfd3c4123fcd7262eb94b254e1f1ee7.jpg,Healthy_Nail,Healthy_Nail,Healthy_Nail,True,True,Both Correct
data/processed/test/Healthy_Nail/h174_png.rf.c095281995d82f165c0a95227e62e282.jpg,Healthy_Nail,Healthy_Nail,Healthy_Nail,True,True,Both Correct
data/processed/test/Healthy_Nail/h175_png.rf.f8e029cd77f6bd4fb36dbcfafd845975.jpg,Healthy_Nail,Healthy_Nail,Healthy_Nail,True,True,Both Correct
data/processed/test/Healthy_Nail/h180_png.rf.b496b2324621bf7de58f06d2c6f7eaf6.jpg,Healthy_Nail,Healthy_Nail,Healthy_Nail,True,True,Both Correct
data/processed/test/Healthy_Nail/h183_png.rf.0913ad03f9e3335bd99d568cd6890fbc.jpg,Healthy_Nail,Healthy_Nail,Healthy_Nail,True,True,Both Correct
data/processed/test/Healthy_Nail/h183_png.rf.29bfe60873ddb26daf1a08f04172d1fb.jpg,Healthy_Nail,Healthy_Nail,Healthy_Nail,True,True,Both Correct
data/processed/test/Healthy_Nail/h184_png.rf.84c32ebbc134638d6fb6a2ce6b36dd43.jpg,Healthy_Nail,Healthy_Nail,Healthy_Nail,True,True,Both Correct
data/processed/test/Healthy_Nail/h188_png.rf.fef821d12b34074953ae66f15eea9bd1.jpg,Healthy_Nail,Healthy_Nail,Healthy_Nail,True,True,Both Correct
data/processed/test/Healthy_Nail/h198_png.rf.4b0dc37f37a55cb453d7cab97297d74d.jpg,Healthy_Nail,Healthy_Nail,Healthy_Nail,True,True,Both Correct
data/processed/test/Healthy_Nail/h198_png.rf.c5b93f9355e168321af43179bc94f9d0.jpg,Healthy_Nail,Healthy_Nail,Healthy_Nail,True,True,Both Correct
data/processed/test/Healthy_Nail/h200_png.rf.13175718027e6970f4d6bf5219118ed2.jpg,Healthy_Nail,Healthy_Nail,Healthy_Nail,True,True,Both Correct
data/processed/test/Healthy_Nail/h220_png.rf.90f50aaad882dd8340f5d84f517b2cc7.jpg,Healthy_Nail,Healthy_Nail,Healthy_Nail,True,True,Both Correct
data/processed/test/Healthy_Nail/h232_png.rf.12d122e6d592038cc3dd3baecf93057a.jpg,Healthy_Nail,Healthy_Nail,Healthy_Nail,True,True,Both Correct
data/processed/test/Healthy_Nail/h251_png.rf.f90e932f96280e47669a748a805ca65a.jpg,Healthy_Nail,Healthy_Nail,Healthy_Nail,True,True,Both Correct
data/processed/test/Healthy_Nail/h255_png.rf.bb2f41470ed0423b54e19a94711d27fd.jpg,Healthy_Nail,Healthy_Nail,Healthy_Nail,True,True,Both Correct
data/processed/test/Healthy_Nail/h260_png.rf.3dc359076d07fc4e618fff2f186f030f.jpg,Healthy_Nail,Healthy_Nail,Healthy_Nail,True,True,Both Correct
data/processed/test/Healthy_Nail/h270_png.rf.bf8b27a483b7a12f179ac401c7f4eb7b.jpg,Healthy_Nail,Healthy_Nail,Healthy_Nail,True,True,Both Correct
data/processed/test/Healthy_Nail/h279_png.rf.027bd495aee5613783a74fded98bea91.jpg,Healthy_Nail,Healthy_Nail,Healthy_Nail,True,True,Both Correct
data/processed/test/Healthy_Nail/h27_png.rf.9b007d56afacd71d36f9bde6bc96de28.jpg,Healthy_Nail,Healthy_Nail,Healthy_Nail,True,True,Both Correct
data/processed/test/Healthy_Nail/h287_png.rf.13ce89991698acbba2b72de1a24c1f21.jpg,Healthy_Nail,Healthy_Nail,Healthy_Nail,True,True,Both Correct
data/processed/test/Healthy_Nail/h30_png.rf.d024b6b6f73a9a4c7d5e3b6037195d6d.jpg,Healthy_Nail,blue_finger,blue_finger,False,False,Both Incorrect
data/processed/test/Healthy_Nail/h32_png.rf.359367efa0a82fcebecb401b28687641.jpg,Healthy_Nail,Healthy_Nail,Healthy_Nail,True,True,Both Correct
data/processed/test/Healthy_Nail/h33_png.rf.c731aa01b059058e8fa6c0b62238c493.jpg,Healthy_Nail,Healthy_Nail,Healthy_Nail,True,True,Both Correct
data/processed/test/Healthy_Nail/h43_png.rf.f72020a819108f8cb3c030e350a598c9.jpg,Healthy_Nail,Healthy_Nail,Healthy_Nail,True,True,Both Correct
data/processed/test/Healthy_Nail/h44_png.rf.5bac7734223249eb4a86d8ce0b85d37e.jpg,Healthy_Nail,Healthy_Nail,Healthy_Nail,True,True,Both Correct
data/processed/test/Healthy_Nail/h45_png.rf.ab5e1ddce36707185521a8c2686ffdc5.jpg,Healthy_Nail,Healthy_Nail,Healthy_Nail,True,True,Both Correct
data/processed/test/Healthy_Nail/h46_png.rf.141839ec8f4de29255c1a25e61eb4ef6.jpg,Healthy_Nail,Healthy_Nail,Healthy_Nail,True,True,Both Correct
data/processed/test/Healthy_Nail/h50_png.rf.57de926113e49f4d35dcea713fd75da9.jpg,Healthy_Nail,Healthy_Nail,Healthy_Nail,True,True,Both Correct
data/processed/test/Healthy_Nail/h53_png.rf.a395cd41b3201ea7ddf73762e4f42903.jpg,Healthy_Nail,Healthy_Nail,Healthy_Nail,True,True,Both Correct
data/processed/test/Healthy_Nail/h58_png.rf.4fa3217d68dbf56a8e3fe4da5806f925.jpg,Healthy_Nail,Healthy_Nail,Healthy_Nail,True,True,Both Correct
data/processed/test/Healthy_Nail/h58_png.rf.54eb6d3ba2631938b145b467aa3aa4a3.jpg,Healthy_Nail,Healthy_Nail,Healthy_Nail,True,True,Both Correct
data/processed/test/Healthy_Nail/h61_png.rf.9991b929612f1c1295f496f4d4f9055f.jpg,Healthy_Nail,Healthy_Nail,Healthy_Nail,True,True,Both Correct
data/processed/test/Healthy_Nail/h68_png.rf.96bbb14eab5b7a57d29c989530ce9923.jpg,Healthy_Nail,Healthy_Nail,Healthy_Nail,True,True,Both Correct
data/processed/test/Healthy_Nail/h71_png.rf.04f738cd92eb9e66495d71a6f42653bf.jpg,Healthy_Nail,Healthy_Nail,Healthy_Nail,True,True,Both Correct
data/processed/test/Healthy_Nail/h79_png.rf.12e27c25eb06da801e6eb883f678e13f.jpg,Healthy_Nail,Healthy_Nail,Healthy_Nail,True,True,Both Correct
data/processed/test/Healthy_Nail/h7_png.rf.d3e5329860a2f1204ffcfa7f7b723337.jpg,Healthy_Nail,Healthy_Nail,Healthy_Nail,True,True,Both Correct
data/processed/test/Healthy_Nail/h82_png.rf.fa3a523852b26d85a11351f7f5024d11.jpg,Healthy_Nail,Healthy_Nail,Healthy_Nail,True,True,Both Correct
data/processed/test/Healthy_Nail/h8_png.rf.18cf8f42edd727f5773d16367ea90206.jpg,Healthy_Nail,Healthy_Nail,Healthy_Nail,True,True,Both Correct
data/processed/test/Healthy_Nail/h94_png.rf.28b247a7026c205d5fac12f94c9eb0d1.jpg,Healthy_Nail,Healthy_Nail,Healthy_Nail,True,True,Both Correct
data/processed/test/Healthy_Nail/h96_png.rf.4c9214d277495117ddd887e99a368924.jpg,Healthy_Nail,Healthy_Nail,Healthy_Nail,True,True,Both Correct
data/processed/test/Onychogryphosis/Screen-Shot-2021-11-16-at-10-23-59-PM_png.rf.474828b6f410e39be4baee0e07688b7e.jpg,Onychogryphosis,Onychogryphosis,Onychogryphosis,True,True,Both Correct
data/processed/test/Onychogryphosis/Screen-Shot-2021-11-16-at-10-24-09-PM_png.rf.864ca33e07c8aca34ad661182541cce1.jpg,Onychogryphosis,Onychogryphosis,Onychogryphosis,True,True,Both Correct
data/processed/test/Onychogryphosis/Screen-Shot-2021-11-16-at-10-50-37-PM_png.rf.7b004b66ab876390c38bd8539bd1f19d.jpg,Onychogryphosis,Onychogryphosis,Onychogryphosis,True,True,Both Correct
data/processed/test/Onychogryphosis/Screen-Shot-2021-11-16-at-10-50-37-PM_png.rf.b3d08086fca585d851cb164e60077075.jpg,Onychogryphosis,Onychogryphosis,Onychogryphosis,True,True,Both Correct
data/processed/test/Onychogryphosis/Screen-Shot-2021-11-16-at-10-50-56-PM_png.rf.30471892cf5172a23621ac3e2679f780.jpg,Onychogryphosis,Onychogryphosis,Onychogryphosis,True,True,Both Correct
data/processed/test/Onychogryphosis/Screenshot-2021-11-19-004020_png.rf.7917b3969d3c69cc2fd1db5c938dd42a.jpg,Onychogryphosis,Onychogryphosis,Onychogryphosis,True,True,Both Correct
data/processed/test/Onychogryphosis/Screenshot-2021-11-19-004044_png.rf.a980597f1cef7522d19aa3867f8adce7.jpg,Onychogryphosis,Onychogryphosis,Onychogryphosis,True,True,Both Correct
data/processed/test/Onychogryphosis/Screenshot-2021-11-19-004140_png.rf.00e67b96eef54f23a92447e9b71b4f6c.jpg,Onychogryphosis,Onychogryphosis,Onychogryphosis,True,True,Both Correct
data/processed/test/Onychogryphosis/Screenshot-2021-11-19-004228_png.rf.e5493d6cdc6a7e0e490c8ec4c9b2cc94.jpg,Onychogryphosis,Onychogryphosis,Onychogryphosis,True,True,Both Correct
data/processed/test/Onychogryphosis/Screenshot-2021-11-19-004245_png.rf.3aad5399770b399762b6982ec93e3cd4.jpg,Onychogryphosis,Onychogryphosis,Onychogryphosis,True,True,Both Correct
data/processed/test/Onychogryphosis/Screenshot-2021-11-19-005529_png.rf.ace0a2936805480bd2a6677bcb744a35.jpg,Onychogryphosis,Onychogryphosis,Onychogryphosis,True,True,Both Correct
data/processed/test/Onychogryphosis/Screenshot-2021-11-19-005556_png.rf.1383dfc5938979d08ad18770319d96fb.jpg,Onychogryphosis,Onychogryphosis,Onychogryphosis,True,True,Both Correct
data/processed/test/Onychogryphosis/Screenshot-2021-11-19-005556_png.rf.210dcad0e47babbef7c4f852df862785.jpg,Onychogryphosis,Onychogryphosis,Onychogryphosis,True,True,Both Correct
data/processed/test/Onychogryphosis/Screenshot-2021-11-19-005611_png.rf.badd7102a280d9b29b9f998722a66fcc.jpg,Onychogryphosis,Onychogryphosis,Onychogryphosis,True,True,Both Correct
data/processed/test/Onychogryphosis/Screenshot-2021-11-19-010109_png.rf.0223026760ccc4f75732c511c8b735bd.jpg,Onychogryphosis,Onychogryphosis,Onychogryphosis,True,True,Both Correct
data/processed/test/Onychogryphosis/Screenshot-2021-11-19-010109_png.rf.1db8d003037b29db110d870740bafa67.jpg,Onychogryphosis,Onychogryphosis,Onychogryphosis,True,True,Both Correct
data/processed/test/Onychogryphosis/Screenshot-2021-11-19-010147_png.rf.7cb20510a2d6d2d9c6fea995c8764380.jpg,Onychogryphosis,Onychogryphosis,Onychogryphosis,True,True,Both Correct
data/processed/test/Onychogryphosis/Screenshot-2021-11-19-010215_png.rf.92a34bd70a355709199a94f939490de6.jpg,Onychogryphosis,Onychogryphosis,Onychogryphosis,True,True,Both Correct
data/processed/test/Onychogryphosis/Screenshot-2021-11-19-010332_png.rf.9eb9e9cf26c4acb3e5bb99ac776dce38.jpg,Onychogryphosis,Onychogryphosis,Onychogryphosis,True,True,Both Correct
data/processed/test/Onychogryphosis/Screenshot-2021-11-19-010434_png.rf.2c67f735311f06475b15bd382873bfb5.jpg,Onychogryphosis,Onychogryphosis,Onychogryphosis,True,True,Both Correct
data/processed/test/Onychogryphosis/Screenshot-2021-11-19-010444_png.rf.c6835fd9b7be3bffdc635448d9751568.jpg,Onychogryphosis,Onychogryphosis,Onychogryphosis,True,True,Both Correct
data/processed/test/Onychogryphosis/Screenshot-2021-11-19-010454_png.rf.b918ee588c1ce99dce715e64931b00a5.jpg,Onychogryphosis,Onychogryphosis,Onychogryphosis,True,True,Both Correct
data/processed/test/Onychogryphosis/Screenshot-2021-11-19-010604_png.rf.ce790061c47f32fcbf2b6d47f5577b9f.jpg,Onychogryphosis,Onychogryphosis,Onychogryphosis,True,True,Both Correct
data/processed/test/Onychogryphosis/Screenshot-2021-11-19-010724_png.rf.717c93627701710f4b48c6dd4de93926.jpg,Onychogryphosis,Onychogryphosis,Onychogryphosis,True,True,Both Correct
data/processed/test/Onychogryphosis/Screenshot-2021-11-19-010724_png.rf.e279442ed41808480d2e8d8eb43a37a8.jpg,Onychogryphosis,Onychogryphosis,Onychogryphosis,True,True,Both Correct
data/processed/test/Onychogryphosis/Screenshot-2021-11-19-010751_png.rf.473f756cacc344e3df9cdd969706b279.jpg,Onychogryphosis,Onychogryphosis,Onychogryphosis,True,True,Both Correct
data/processed/test/Onychogryphosis/Screenshot-2021-11-19-010751_png.rf.b74e43fbeb9ad7f74057c574a4dabfc2.jpg,Onychogryphosis,Onychogryphosis,Onychogryphosis,True,True,Both Correct
data/processed/test/Onychogryphosis/Screenshot-2021-11-19-010857_png.rf.61b1ae126dc25100b5d7f41dfdc67b40.jpg,Onychogryphosis,Onychogryphosis,Onychogryphosis,True,True,Both Correct
data/processed/test/Onychogryphosis/Screenshot-2021-11-19-011002_png.rf.5b9e54e7478ddd3e1b631adbf52183a8.jpg,Onychogryphosis,Onychogryphosis,Onychogryphosis,True,True,Both Correct
data/processed/test/Onychogryphosis/Screenshot-2021-11-19-011220_png.rf.306de9f567dc99bae011e71d67d4df21.jpg,Onychogryphosis,Onychogryphosis,Onychogryphosis,True,True,Both Correct
data/processed/test/Onychogryphosis/Screenshot-2021-11-19-011259_png.rf.ef2619caa9f4d49f21250d6f16f5ef8d.jpg,Onychogryphosis,Onychogryphosis,Onychogryphosis,True,True,Both Correct
data/processed/test/Onychogryphosis/Screenshot-2021-11-19-011359_png.rf.a53d9b12762c221ae9e58eb1974b5f7f.jpg,Onychogryphosis,Onychogryphosis,Onychogryphosis,True,True,Both Correct
data/processed/test/Onychogryphosis/Screenshot-2021-11-19-012106_png.rf.efff6adef139efd98e2d95671d2506e8.jpg,Onychogryphosis,Onychogryphosis,Onychogryphosis,True,True,Both Correct
data/processed/test/Onychogryphosis/Screenshot-2021-11-19-012333_png.rf.04ad8218c312d5e5bed15c037220e278.jpg,Onychogryphosis,Onychogryphosis,Onychogryphosis,True,True,Both Correct
data/processed/test/Onychogryphosis/Screenshot-2021-11-19-012721_png.rf.3afccdd6800487c49bd11a32982e5ae0.jpg,Onychogryphosis,Onychogryphosis,Onychogryphosis,True,True,Both Correct
data/processed/test/Onychogryphosis/Screenshot-2021-11-19-012721_png.rf.cf83959180d7ec6e2c6e2b0e28ac32a5.jpg,Onychogryphosis,Onychogryphosis,Onychogryphosis,True,True,Both Correct
data/processed/test/Onychogryphosis/Screenshot-2021-11-19-013239_png.rf.1dd9d28369fd9b8101f0ab6f720aa40c.jpg,Onychogryphosis,Onychogryphosis,Onychogryphosis,True,True,Both Correct
data/processed/test/Onychogryphosis/Screenshot-2021-11-19-015033_png.rf.16a31ac1de4e4089667075fb82e0b289.jpg,Onychogryphosis,Onychogryphosis,Onychogryphosis,True,True,Both Correct
data/processed/test/Onychogryphosis/Screenshot-2021-11-19-015139_png.rf.23c0ff871f048456e699bd2a4df2b272.jpg,Onychogryphosis,Onychogryphosis,Onychogryphosis,True,True,Both Correct
data/processed/test/Onychogryphosis/Screenshot-2021-11-19-015917_png.rf.d149514b0ae955f0b4e39c55f3c56934.jpg,Onychogryphosis,Onychogryphosis,Onychogryphosis,True,True,Both Correct
data/processed/test/Onychogryphosis/Screenshot-2021-11-19-020017_png.rf.867654faa6bb4b6ae653b6a7083d6464.jpg,Onychogryphosis,Onychogryphosis,Onychogryphosis,True,True,Both Correct
data/processed/test/Onychogryphosis/Screenshot-2021-11-19-020122_png.rf.976bcc8def79d682a075beeb616443f6.jpg,Onychogryphosis,clubbing,clubbing,False,False,Both Incorrect
data/processed/test/Onychogryphosis/Screenshot-2021-11-19-020122_png.rf.f6e29d323eae406d6256206434056988.jpg,Onychogryphosis,pitting,Onychogryphosis,False,True,Only Proposed Model Correct
data/processed/test/Onychogryphosis/Screenshot-2021-11-19-020136_png.rf.19912db47255755ab8475645796db4d1.jpg,Onychogryphosis,Onychogryphosis,Onychogryphosis,True,True,Both Correct
data/processed/test/Onychogryphosis/Screenshot-2021-11-19-020317_png.rf.95d8cd1cedb0e872a4ab55180c799ce7.jpg,Onychogryphosis,Onychogryphosis,Onychogryphosis,True,True,Both Correct
data/processed/test/Onychogryphosis/Screenshot-2021-11-19-020327_png.rf.52dadddf0722430159b4e7e261abc353.jpg,Onychogryphosis,Onychogryphosis,Onychogryphosis,True,True,Both Correct
data/processed/test/Onychogryphosis/Screenshot-2021-11-19-021128_png.rf.e08ae6730d79b2cf69f69b9f2ccb3e02.jpg,Onychogryphosis,Onychogryphosis,Onychogryphosis,True,True,Both Correct
data/processed/test/Onychogryphosis/Screenshot-2021-11-19-021309_png.rf.3a42324585aa4ef80b266c50b38b4044.jpg,Onychogryphosis,Onychogryphosis,Onychogryphosis,True,True,Both Correct
data/processed/test/Onychogryphosis/Screenshot-2021-11-19-021909_png.rf.262175457e520d0803441e061118b24f.jpg,Onychogryphosis,Onychogryphosis,Onychogryphosis,True,True,Both Correct
data/processed/test/Onychogryphosis/Screenshot-2021-11-19-021939_png.rf.1c98d73d9d99acba77451363cd8884bf.jpg,Onychogryphosis,Onychogryphosis,Onychogryphosis,True,True,Both Correct
data/processed/test/Onychogryphosis/Screenshot-2021-11-19-022255_png.rf.66aa41f8614fa9cdf519c9d7239576a0.jpg,Onychogryphosis,Onychogryphosis,Onychogryphosis,True,True,Both Correct
data/processed/test/Onychogryphosis/Screenshot-2021-11-19-022422_png.rf.16bef5c460ffd32263c7aeca8997d34f.jpg,Onychogryphosis,Onychogryphosis,Onychogryphosis,True,True,Both Correct
data/processed/test/Onychogryphosis/Screenshot-2021-11-19-023646_png.rf.cf7787384031fa3972de80cf268d1baa.jpg,Onychogryphosis,Onychogryphosis,Onychogryphosis,True,True,Both Correct
data/processed/test/Onychogryphosis/Screenshot-2021-11-19-024347_png.rf.06ee00379d1bdc0464e3282da47540e0.jpg,Onychogryphosis,Onychogryphosis,Onychogryphosis,True,True,Both Correct
data/processed/test/Onychogryphosis/Screenshot-2021-11-19-025136_png.rf.27f009a1830c84f533df5589f5d71fe3.jpg,Onychogryphosis,Onychogryphosis,Onychogryphosis,True,True,Both Correct
data/processed/test/Onychogryphosis/Screenshot-2021-11-19-025136_png.rf.ad4608dd80942f11b2bf5e068b6bfae2.jpg,Onychogryphosis,Onychogryphosis,Onychogryphosis,True,True,Both Correct
data/processed/test/Onychogryphosis/Screenshot-2021-11-19-025158_png.rf.86d8d16b57b65cbaa4879b560dcbf204.jpg,Onychogryphosis,Onychogryphosis,Onychogryphosis,True,True,Both Correct
data/processed/test/Onychogryphosis/Screenshot-2021-11-19-025646_png.rf.80fedb750f0f05269de3b43f65a6cb30.jpg,Onychogryphosis,Onychogryphosis,Onychogryphosis,True,True,Both Correct
data/processed/test/Onychogryphosis/Screenshot-2021-11-19-031124_png.rf.721e73eecd34cd0b8899db2bf297b304.jpg,Onychogryphosis,Onychogryphosis,Onychogryphosis,True,True,Both Correct
data/processed/test/Onychogryphosis/Screenshot-2021-11-21-162607_png.rf.15ed178e71d91d4eaefe52712969701d.jpg,Onychogryphosis,Onychogryphosis,Onychogryphosis,True,True,Both Correct
data/processed/test/Onychogryphosis/Screenshot-2021-11-21-163024_png.rf.eba15c2f88898834eb0d98ed57319dd7.jpg,Onychogryphosis,Onychogryphosis,Onychogryphosis,True,True,Both Correct
data/processed/test/Onychogryphosis/Screenshot-2021-11-21-163641_png.rf.5cdba0095e8bf150ddf9b2aa20491125.jpg,Onychogryphosis,Onychogryphosis,Onychogryphosis,True,True,Both Correct
data/processed/test/Onychogryphosis/Screenshot-2021-11-21-163641_png.rf.e1b2311d5d8ecbeefae88c340ab6f436.jpg,Onychogryphosis,Onychogryphosis,Onychogryphosis,True,True,Both Correct
data/processed/test/Onychogryphosis/Screenshot-2021-11-21-163753_png.rf.fd9359dd60c3db0ddba12e42e7d49f35.jpg,Onychogryphosis,Onychogryphosis,Onychogryphosis,True,True,Both Correct
data/processed/test/Onychogryphosis/Screenshot-2021-11-21-165411_png.rf.e0e0980d40e76c09f8bbac625d2078a7.jpg,Onychogryphosis,Onychogryphosis,Onychogryphosis,True,True,Both Correct
data/processed/test/Onychogryphosis/Screenshot-2021-11-21-165820_png.rf.5d424f5407705a95b7a1f5c7bfce8050.jpg,Onychogryphosis,Onychogryphosis,Onychogryphosis,True,True,Both Correct
data/processed/test/Onychogryphosis/Screenshot-2021-11-21-173027_png.rf.18c8ea745ca4a5f5f405ac8c7734fa45.jpg,Onychogryphosis,Onychogryphosis,Onychogryphosis,True,True,Both Correct
data/processed/test/Onychogryphosis/Screenshot-2021-11-21-174132_png.rf.2a50016efcab5a3c211600718701d457.jpg,Onychogryphosis,Onychogryphosis,Onychogryphosis,True,True,Both Correct
data/processed/test/Onychogryphosis/Screenshot-2021-11-21-174430_png.rf.f9076618a0b138dcb3fa14c5c73835a6.jpg,Onychogryphosis,Onychogryphosis,Onychogryphosis,True,True,Both Correct
data/processed/test/Onychogryphosis/Screenshot-2021-11-21-174511_png.rf.c773854c9171450d768eb66812071b02.jpg,Onychogryphosis,Onychogryphosis,Onychogryphosis,True,True,Both Correct
data/processed/test/Onychogryphosis/Screenshot-2021-11-21-192605_png.rf.54a2cd1af1614ded8f6413ebaa1c4821.jpg,Onychogryphosis,Onychogryphosis,Onychogryphosis,True,True,Both Correct
data/processed/test/Onychogryphosis/Screenshot-2021-11-21-192708_png.rf.9c71b339f437329051ad8145887a74c4.jpg,Onychogryphosis,Onychogryphosis,Onychogryphosis,True,True,Both Correct
data/processed/test/Onychogryphosis/Screenshot-2021-11-21-193524_png.rf.9910f8a7b1a77cdc04b111008f30649a.jpg,Onychogryphosis,Onychogryphosis,Onychogryphosis,True,True,Both Correct
data/processed/test/Onychogryphosis/Screenshot-2021-11-21-193604_png.rf.bb2ef6b49eed974828dda3c011b7399f.jpg,Onychogryphosis,Onychogryphosis,Onychogryphosis,True,True,Both Correct
data/processed/test/Onychogryphosis/Screenshot-2021-11-21-210225_png.rf.e2a4fa7afecd2198e5c7cc5618b6007e.jpg,Onychogryphosis,Onychogryphosis,Onychogryphosis,True,True,Both Correct
data/processed/test/Onychogryphosis/Screenshot-2021-11-21-210436_png.rf.db9da827dea0600e4f09ae0d7c923554.jpg,Onychogryphosis,Onychogryphosis,Onychogryphosis,True,True,Both Correct
data/processed/test/Onychogryphosis/Screenshot-2021-11-21-230209_png.rf.1da7be26ca43d5150aef9526ba89aef0.jpg,Onychogryphosis,Onychogryphosis,Onychogryphosis,True,True,Both Correct
data/processed/test/Onychogryphosis/Screenshot-2021-11-21-230252_png.rf.6cc27efcf4e5ccca5466427d6b73e829.jpg,Onychogryphosis,Onychogryphosis,Onychogryphosis,True,True,Both Correct
data/processed/test/Onychogryphosis/Screenshot-2021-11-21-231416_png.rf.cab8fff8a967ffb3b6c7bdb528bd46d9.jpg,Onychogryphosis,Onychogryphosis,Onychogryphosis,True,True,Both Correct
data/processed/test/Onychogryphosis/Screenshot-2021-11-21-231905_png.rf.02e61979791a981a35f04cbc6a8a6a4e.jpg,Onychogryphosis,Onychogryphosis,Onychogryphosis,True,True,Both Correct
data/processed/test/Onychogryphosis/Screenshot-2021-11-21-232620_png.rf.2363290c87015bfb7e2268f2952ad990.jpg,Onychogryphosis,Onychogryphosis,Onychogryphosis,True,True,Both Correct
data/processed/test/Onychogryphosis/Screenshot-2021-11-21-232620_png.rf.f56968a71e51fdf5012b681ee803460b.jpg,Onychogryphosis,Onychogryphosis,Onychogryphosis,True,True,Both Correct
data/processed/test/Onychogryphosis/Screenshot-2021-11-21-233854_png.rf.33db624b7305f843ffaad4e603aa8fd8.jpg,Onychogryphosis,Onychogryphosis,Onychogryphosis,True,True,Both Correct
data/processed/test/Onychogryphosis/Screenshot-2021-11-21-234423_png.rf.3aa2d19cce27aed6e6b146c157e3b9fa.jpg,Onychogryphosis,Onychogryphosis,Onychogryphosis,True,True,Both Correct
data/processed/test/Onychogryphosis/Screenshot-2021-11-21-235210_png.rf.bd4fc90a5cf2e6eed3ff147800e9ffdd.jpg,Onychogryphosis,Onychogryphosis,Onychogryphosis,True,True,Both Correct
data/processed/test/Onychogryphosis/Screenshot-2021-11-22-012951_png.rf.adb97387444e035a53a2e77dae6a65ed.jpg,Onychogryphosis,Onychogryphosis,Onychogryphosis,True,True,Both Correct
data/processed/test/Onychogryphosis/Screenshot-2021-11-22-012951_png.rf.b41f85cc45a2647436aca514e7b7453b.jpg,Onychogryphosis,Onychogryphosis,Onychogryphosis,True,True,Both Correct
data/processed/test/Onychogryphosis/Screenshot-2021-11-22-014500_png.rf.8e6fdec0d4e8c811ae3ecf21a020639b.jpg,Onychogryphosis,Onychogryphosis,Onychogryphosis,True,True,Both Correct
data/processed/test/Onychogryphosis/Screenshot-2021-11-22-015012_png.rf.e033e5dd1e1b0ed03e8ce9b415c084af.jpg,Onychogryphosis,Onychogryphosis,Onychogryphosis,True,True,Both Correct
data/processed/test/Onychogryphosis/Screenshot-2021-11-22-015012_png.rf.faf4de1891ee699454716b3406b7f69a.jpg,Onychogryphosis,Onychogryphosis,Onychogryphosis,True,True,Both Correct
data/processed/test/Onychogryphosis/Screenshot-2021-11-22-015244_png.rf.9709ccbc3f00d355405b3d61be96ea93.jpg,Onychogryphosis,Onychogryphosis,Onychogryphosis,True,True,Both Correct
data/processed/test/Onychogryphosis/Screenshot-2021-11-22-015522_png.rf.5f13391b027570ed8fcfbb6ab57f038a.jpg,Onychogryphosis,Onychogryphosis,Onychogryphosis,True,True,Both Correct
data/processed/test/Onychogryphosis/Screenshot-2021-11-22-015641_png.rf.155c2fb8c5e8798cd28e49ac73d8774d.jpg,Onychogryphosis,Onychogryphosis,Onychogryphosis,True,True,Both Correct
data/processed/test/Onychogryphosis/Screenshot-2021-11-22-015641_png.rf.321f509a32a284dac73194fd1d64a7c2.jpg,Onychogryphosis,Onychogryphosis,Onychogryphosis,True,True,Both Correct
data/processed/test/Onychogryphosis/Screenshot-2021-11-22-015804_png.rf.e402acb29d1fe5d722f106357a9f177c.jpg,Onychogryphosis,Onychogryphosis,Onychogryphosis,True,True,Both Correct
data/processed/test/Onychogryphosis/Screenshot-2021-11-22-020018_png.rf.829122f77e2386494bf903ffb53ec004.jpg,Onychogryphosis,Onychogryphosis,Onychogryphosis,True,True,Both Correct
data/processed/test/Onychogryphosis/Screenshot-2021-11-22-020526_png.rf.aa2bdc8ad4ef792a260f56cd314a0658.jpg,Onychogryphosis,Onychogryphosis,Onychogryphosis,True,True,Both Correct
data/processed/test/Onychogryphosis/Screenshot-2021-11-22-020714_png.rf.99b221cb0412a8282ac35290cb25a5f4.jpg,Onychogryphosis,Onychogryphosis,Onychogryphosis,True,True,Both Correct
data/processed/test/Onychogryphosis/Screenshot-2021-11-22-020714_png.rf.b01bf1fad1e374d9f8125b2c4d855ace.jpg,Onychogryphosis,Onychogryphosis,Onychogryphosis,True,True,Both Correct
data/processed/test/Onychogryphosis/Screenshot-2021-11-22-021051_png.rf.8cd7dd8535761b774588c7ecc4373722.jpg,Onychogryphosis,Onychogryphosis,Onychogryphosis,True,True,Both Correct
data/processed/test/Onychogryphosis/images--66D6Hn_jpeg.rf.4a23427324684d761e7d8916fc6faefb.jpg,Onychogryphosis,Onychogryphosis,Onychogryphosis,True,True,Both Correct
data/processed/test/Onychogryphosis/images--79BNfh_jpeg.rf.0f0ed2addfd11f5747e7af9a073b3637.jpg,Onychogryphosis,Onychogryphosis,Onychogryphosis,True,True,Both Correct
data/processed/test/Onychogryphosis/images--7hiLgj_jpeg.rf.07badc72cc0a18d2ce89778c0eb02028.jpg,Onychogryphosis,Onychogryphosis,Onychogryphosis,True,True,Both Correct
data/processed/test/Onychogryphosis/images--sqWhaj_jpeg.rf.2815459cd3bf1013f31390cc0d957f4c.jpg,Onychogryphosis,Onychogryphosis,Onychogryphosis,True,True,Both Correct
data/processed/test/blue_finger/3537c880a6f711e688859b4b6be08695-Fig_3A_red-purple_discoloration_JPG.rf.61c1f59c35c9ae93a89c356b3d0786eb.jpg,blue_finger,blue_finger,blue_finger,True,True,Both Correct
data/processed/test/blue_finger/3537c880a6f711e688859b4b6be08695-Fig_3A_red-purple_discoloration_JPG.rf.9c6f3181cc588acd8bad259f00e3cab3.jpg,blue_finger,blue_finger,blue_finger,True,True,Both Correct
data/processed/test/blue_finger/Screen-Shot-2021-10-15-at-10-36-15-AM_png.rf.07fe9e00799550cf0f7834112b8b1a9d.jpg,blue_finger,blue_finger,blue_finger,True,True,Both Correct
data/processed/test/blue_finger/Screen-Shot-2021-10-15-at-10-36-15-AM_png.rf.4dc9d4e3de78f1e786a5620c9e491a25.jpg,blue_finger,blue_finger,blue_finger,True,True,Both Correct
data/processed/test/blue_finger/Screen-Shot-2021-10-15-at-10-36-37-AM_png.rf.06f237bfd23271070895d3a22d742b18.jpg,blue_finger,blue_finger,blue_finger,True,True,Both Correct
data/processed/test/blue_finger/Screen-Shot-2021-10-15-at-10-36-41-AM_png.rf.ead8fc33ed8772a6c1493ae9e7109253.jpg,blue_finger,blue_finger,blue_finger,True,True,Both Correct
data/processed/test/blue_finger/Screen-Shot-2021-10-15-at-10-38-28-AM_png.rf.4d8428e243af7ff56330dbe382c35d31.jpg,blue_finger,blue_finger,blue_finger,True,True,Both Correct
data/processed/test/blue_finger/Screen-Shot-2021-10-15-at-10-38-37-AM_png.rf.0070f2e5afc63e4dbe2ccf36a8992c91.jpg,blue_finger,blue_finger,blue_finger,True,True,Both Correct
data/processed/test/blue_finger/Screen-Shot-2021-10-15-at-10-38-37-AM_png.rf.db278dce2e507e7c5ea6bb019de05d71.jpg,blue_finger,blue_finger,blue_finger,True,True,Both Correct
data/processed/test/blue_finger/Screen-Shot-2021-10-15-at-10-39-17-AM_png.rf.3511fce5a257d00f145d61aba9123e8c.jpg,blue_finger,blue_finger,blue_finger,True,True,Both Correct
data/processed/test/blue_finger/Screen-Shot-2021-10-15-at-10-39-29-AM_png.rf.c55061cef102fdab5dcb7ecc681b98c1.jpg,blue_finger,blue_finger,blue_finger,True,True,Both Correct
data/processed/test/blue_finger/Screen-Shot-2021-10-15-at-10-39-37-AM_png.rf.a5656d52ec986465d46d9c237e9491fb.jpg,blue_finger,blue_finger,blue_finger,True,True,Both Correct
data/processed/test/blue_finger/Screen-Shot-2021-10-15-at-10-40-07-AM_png.rf.ac1bd481a7768d536d4b898885ff708f.jpg,blue_finger,blue_finger,blue_finger,True,True,Both Correct
data/processed/test/blue_finger/Screen-Shot-2021-10-15-at-10-43-46-AM_png.rf.020015f536c0f6cd8b87421b50930bf2.jpg,blue_finger,blue_finger,blue_finger,True,True,Both Correct
data/processed/test/blue_finger/Screen-Shot-2021-10-15-at-10-43-46-AM_png.rf.f6e7ef3e2a91b5aa0dbfcd5290d756fb.jpg,blue_finger,blue_finger,blue_finger,True,True,Both Correct
data/processed/test/blue_finger/Screen-Shot-2021-10-15-at-10-44-24-AM_png.rf.0fc15e7d1ca7e1dd1009010d21c4b025.jpg,blue_finger,blue_finger,blue_finger,True,True,Both Correct
data/processed/test/blue_finger/Screen-Shot-2021-10-15-at-10-51-25-AM_png.rf.a3d1d5f2dd4092e4490eb46d145115e6.jpg,blue_finger,blue_finger,blue_finger,True,True,Both Correct
data/processed/test/blue_finger/Screen-Shot-2021-10-15-at-11-10-13-AM_png.rf.bef8259bdd3b9c60cf47440f0f271dfb.jpg,blue_finger,blue_finger,blue_finger,True,True,Both Correct
data/processed/test/blue_finger/Screen-Shot-2021-10-15-at-11-10-13-AM_png.rf.f6837256b92b4414bc5bb1ee6f1ae872.jpg,blue_finger,blue_finger,blue_finger,True,True,Both Correct
data/processed/test/blue_finger/Screen-Shot-2021-10-15-at-11-11-16-AM_png.rf.abb7e53099b9167c9c3665332cd601ca.jpg,blue_finger,blue_finger,blue_finger,True,True,Both Correct
data/processed/test/blue_finger/Screen-Shot-2021-10-15-at-11-11-25-AM_png.rf.e2472a5d8eee70b2b3051b971684bbf2.jpg,blue_finger,blue_finger,blue_finger,True,True,Both Correct
data/processed/test/blue_finger/Screen-Shot-2021-10-15-at-11-11-25-AM_png.rf.e71f3c9923a9c0976479cf7a61c1e3bf.jpg,blue_finger,blue_finger,blue_finger,True,True,Both Correct
data/processed/test/blue_finger/Screen-Shot-2021-10-15-at-9-30-50-AM_png.rf.01a0b573ad637eb8c8e635e2af97687b.jpg,blue_finger,blue_finger,blue_finger,True,True,Both Correct
data/processed/test/blue_finger/Screen-Shot-2021-10-15-at-9-30-50-AM_png.rf.0eeec8e1e28fac5468861de0b4875829.jpg,blue_finger,blue_finger,blue_finger,True,True,Both Correct
data/processed/test/blue_finger/Screen-Shot-2021-10-15-at-9-30-55-AM_png.rf.b6e8276f01038e40c634a684f6efea01.jpg,blue_finger,blue_finger,blue_finger,True,True,Both Correct
data/processed/test/blue_finger/Screen-Shot-2021-10-15-at-9-31-06-AM_png.rf.0c1f8e2620181d26281be1dae5767134.jpg,blue_finger,blue_finger,blue_finger,True,True,Both Correct
data/processed/test/blue_finger/Screen-Shot-2021-11-22-at-10-05-18-PM_png.rf.3001a131b94fa69e07a045c4dea95aa8.jpg,blue_finger,blue_finger,blue_finger,True,True,Both Correct
data/processed/test/blue_finger/Screen-Shot-2021-11-22-at-10-06-57-PM_png.rf.37ea9a70aed08c17111561f7ff997b58.jpg,blue_finger,blue_finger,blue_finger,True,True,Both Correct
data/processed/test/blue_finger/Screen-Shot-2021-11-22-at-10-09-28-PM_png.rf.492c16db531a69e5dd109057208e1300.jpg,blue_finger,blue_finger,blue_finger,True,True,Both Correct
data/processed/test/blue_finger/Screen-Shot-2021-11-22-at-10-09-58-PM_png.rf.ed3e4c485a4cb3f6af073a31b1ce112e.jpg,blue_finger,blue_finger,blue_finger,True,True,Both Correct
data/processed/test/blue_finger/Screen-Shot-2021-11-22-at-10-09-58-PM_png.rf.f357adca933ff843d33f651fea90a597.jpg,blue_finger,blue_finger,blue_finger,True,True,Both Correct
data/processed/test/blue_finger/Screen-Shot-2021-11-22-at-4-49-53-PM_png.rf.f269cc724a0412f2f709e7fe2105b56a.jpg,blue_finger,blue_finger,blue_finger,True,True,Both Correct
data/processed/test/blue_finger/Screen-Shot-2021-11-22-at-4-50-45-PM_png.rf.09f6901091920ba4e757969e9a61a283.jpg,blue_finger,blue_finger,blue_finger,True,True,Both Correct
data/processed/test/blue_finger/Screen-Shot-2021-11-22-at-4-57-31-PM_png.rf.fb3f46396a157401c25ce607e8ea475b.jpg,blue_finger,blue_finger,blue_finger,True,True,Both Correct
data/processed/test/blue_finger/Screen-Shot-2021-11-22-at-4-57-51-PM_png.rf.d1a6fe9f251911fc2a5fe4cb1b75e848.jpg,blue_finger,blue_finger,blue_finger,True,True,Both Correct
data/processed/test/blue_finger/Screen-Shot-2021-11-22-at-5-01-41-PM_png.rf.9db9fb4e806cc607b53d538a9e84904b.jpg,blue_finger,blue_finger,blue_finger,True,True,Both Correct
data/processed/test/blue_finger/Screen-Shot-2021-11-22-at-5-02-29-PM_png.rf.b395747583bcccc59638dfd47b0bfebb.jpg,blue_finger,blue_finger,blue_finger,True,True,Both Correct
data/processed/test/blue_finger/Screen-Shot-2021-11-22-at-5-03-01-PM_png.rf.5a7a6f1d4a3731323942f3bd47425522.jpg,blue_finger,blue_finger,blue_finger,True,True,Both Correct
data/processed/test/blue_finger/Screen-Shot-2021-11-22-at-5-03-11-PM_png.rf.7ce4545c923eb10b2bd8215d89c18c0b.jpg,blue_finger,blue_finger,blue_finger,True,True,Both Correct
data/processed/test/blue_finger/Screen-Shot-2021-11-22-at-5-05-41-PM_png.rf.d66dc6eaa47882611fb807a638bd93ee.jpg,blue_finger,blue_finger,blue_finger,True,True,Both Correct
data/processed/test/blue_finger/Screen-Shot-2021-11-22-at-5-05-43-PM_png.rf.d2a0a8780d0baba489dd43395501bd74.jpg,blue_finger,blue_finger,blue_finger,True,True,Both Correct
data/processed/test/blue_finger/Screen-Shot-2021-11-22-at-5-06-00-PM_png.rf.8385f1d0fe91b9f590e39c3acc4378e3.jpg,blue_finger,blue_finger,blue_finger,True,True,Both Correct
data/processed/test/blue_finger/Screen-Shot-2021-11-22-at-5-06-33-PM_png.rf.a6ffd33551d7738fd2a05e5ebe6a1de5.jpg,blue_finger,blue_finger,blue_finger,True,True,Both Correct
data/processed/test/blue_finger/Screen-Shot-2021-11-22-at-5-09-59-PM_png.rf.1c6a1bd2cbb3d89a30fd2e7f31af107d.jpg,blue_finger,blue_finger,blue_finger,True,True,Both Correct
data/processed/test/blue_finger/Screen-Shot-2021-11-22-at-5-09-59-PM_png.rf.3734ea96fa04a2f97710416b20f0691e.jpg,blue_finger,blue_finger,blue_finger,True,True,Both Correct
data/processed/test/blue_finger/Screen-Shot-2021-11-22-at-5-10-07-PM_png.rf.15ea6de8993357568365d6c4430f3c9a.jpg,blue_finger,blue_finger,blue_finger,True,True,Both Correct
data/processed/test/blue_finger/Screen-Shot-2021-11-22-at-5-10-07-PM_png.rf.ada79554aca0a8499888c1d6555d77f5.jpg,blue_finger,blue_finger,blue_finger,True,True,Both Correct
data/processed/test/blue_finger/Screen-Shot-2021-11-22-at-5-10-19-PM_png.rf.cbd1ea6045847d8dc5dbcc77046facf4.jpg,blue_finger,blue_finger,blue_finger,True,True,Both Correct
data/processed/test/blue_finger/Screen-Shot-2021-11-22-at-5-11-17-PM_png.rf.466a3c2438e2b92c3ad377ac73a85da6.jpg,blue_finger,blue_finger,blue_finger,True,True,Both Correct
data/processed/test/blue_finger/Screen-Shot-2021-11-22-at-5-18-20-PM_png.rf.6d92bf144bc68a2a517d4e49c369ffd6.jpg,blue_finger,blue_finger,blue_finger,True,True,Both Correct
data/processed/test/blue_finger/Screen-Shot-2021-11-22-at-5-21-20-PM_png.rf.2b7b4897930f3d239886649a6bb64e86.jpg,blue_finger,blue_finger,blue_finger,True,True,Both Correct
data/processed/test/blue_finger/Screen-Shot-2021-11-22-at-5-22-06-PM_png.rf.38183b58151112d579c5710e33fb89a4.jpg,blue_finger,blue_finger,blue_finger,True,True,Both Correct
data/processed/test/blue_finger/Screen-Shot-2021-11-22-at-5-23-38-PM_png.rf.01e1d9f47bebcf86d7616b943066af08.jpg,blue_finger,blue_finger,blue_finger,True,True,Both Correct
data/processed/test/blue_finger/Screen-Shot-2021-11-22-at-5-25-44-PM_png.rf.73b993cbf96344d526979b2501698433.jpg,blue_finger,blue_finger,blue_finger,True,True,Both Correct
data/processed/test/blue_finger/Screen-Shot-2021-11-22-at-5-26-02-PM_png.rf.bf53966750be2dcf733d84487f188e90.jpg,blue_finger,blue_finger,blue_finger,True,True,Both Correct
data/processed/test/blue_finger/Screen-Shot-2021-11-22-at-5-26-29-PM_png.rf.b4ad0e5b8c86c9bea3a46075a6f6542e.jpg,blue_finger,blue_finger,blue_finger,True,True,Both Correct
data/processed/test/blue_finger/Screen-Shot-2021-11-22-at-5-26-45-PM_png.rf.8bf2c580a12de7f991b427e2adae6510.jpg,blue_finger,blue_finger,blue_finger,True,True,Both Correct
data/processed/test/blue_finger/Screen-Shot-2021-11-22-at-5-26-45-PM_png.rf.e4b25faa14eb7488d36c86bd7c44b305.jpg,blue_finger,blue_finger,blue_finger,True,True,Both Correct
data/processed/test/blue_finger/Screen-Shot-2021-11-22-at-5-27-14-PM_png.rf.80ded82ebb475a2687e76e30a3ac3b5b.jpg,blue_finger,blue_finger,blue_finger,True,True,Both Correct
data/processed/test/blue_finger/Screen-Shot-2021-11-22-at-5-27-22-PM_png.rf.5d0d94967de6ec88184d00d361245754.jpg,blue_finger,blue_finger,blue_finger,True,True,Both Correct
data/processed/test/blue_finger/Screen-Shot-2021-11-22-at-5-27-22-PM_png.rf.ddf028f68cbeef3978069e3df0fb9e65.jpg,blue_finger,blue_finger,blue_finger,True,True,Both Correct
data/processed/test/blue_finger/Screen-Shot-2021-11-22-at-5-27-36-PM_png.rf.7a6a624912158d8d9d9476d013fe2498.jpg,blue_finger,blue_finger,blue_finger,True,True,Both Correct
data/processed/test/blue_finger/Screen-Shot-2021-11-22-at-5-29-14-PM_png.rf.96fb8142058a66342b87b8d66400a16c.jpg,blue_finger,blue_finger,blue_finger,True,True,Both Correct
data/processed/test/blue_finger/Screen-Shot-2021-11-22-at-8-14-15-PM_png.rf.f3eaacf8f1ccfc85715030c4e45c1d7d.jpg,blue_finger,blue_finger,blue_finger,True,True,Both Correct
data/processed/test/blue_finger/Screen-Shot-2021-11-22-at-8-15-47-PM_png.rf.41441eb32a11a4aa4fdbe12dfae48e5a.jpg,blue_finger,blue_finger,blue_finger,True,True,Both Correct
data/processed/test/blue_finger/Screen-Shot-2021-11-22-at-8-15-51-PM_png.rf.1af0403480df0fefa1690f770c7c2a1b.jpg,blue_finger,blue_finger,blue_finger,True,True,Both Correct
data/processed/test/blue_finger/Screen-Shot-2021-11-22-at-8-19-18-PM_png.rf.5b65c72771d63f6ed8e08fa9d3dfab09.jpg,blue_finger,blue_finger,Onychogryphosis,True,False,Only EfficientNet Correct
data/processed/test/blue_finger/Screen-Shot-2021-11-22-at-8-25-46-PM_png.rf.30ea5662db91ff960aec64c609a6a8d5.jpg,blue_finger,blue_finger,blue_finger,True,True,Both Correct
data/processed/test/blue_finger/Screen-Shot-2021-11-22-at-8-51-01-PM_png.rf.68d97cc811337faf3cbdbf2273a2b9ae.jpg,blue_finger,blue_finger,blue_finger,True,True,Both Correct
data/processed/test/blue_finger/Screen-Shot-2021-11-22-at-8-56-36-PM_png.rf.26fb550fbb52755e0121d2582b8da075.jpg,blue_finger,blue_finger,blue_finger,True,True,Both Correct
data/processed/test/blue_finger/Screen-Shot-2021-11-22-at-8-56-36-PM_png.rf.b95298004c99cf60a837116cc391655e.jpg,blue_finger,blue_finger,blue_finger,True,True,Both Correct
data/processed/test/blue_finger/Screen-Shot-2021-11-22-at-9-05-44-PM_png.rf.e7dc8a7529828409c6abf084a909ab63.jpg,blue_finger,pitting,pitting,False,False,Both Incorrect
data/processed/test/blue_finger/Screen-Shot-2021-11-22-at-9-06-56-PM_png.rf.36a82022f24ece9ea6ab485d77a6d183.jpg,blue_finger,blue_finger,blue_finger,True,True,Both Correct
data/processed/test/blue_finger/Screen-Shot-2021-11-22-at-9-07-07-PM_png.rf.37aad7959a09fc9a3b3875b5a9e3c34c.jpg,blue_finger,blue_finger,blue_finger,True,True,Both Correct
data/processed/test/blue_finger/Screen-Shot-2021-11-22-at-9-07-19-PM_png.rf.36ffc481f0ba738038dcfe2741fe5940.jpg,blue_finger,blue_finger,blue_finger,True,True,Both Correct
data/processed/test/blue_finger/Screen-Shot-2021-11-22-at-9-08-36-PM_png.rf.a528a8c595c5b7986856d6129ea42d3c.jpg,blue_finger,blue_finger,blue_finger,True,True,Both Correct
data/processed/test/blue_finger/Screen-Shot-2021-11-22-at-9-14-59-PM_png.rf.76f068f0b26fc6f70a15f257a9ac93fd.jpg,blue_finger,blue_finger,blue_finger,True,True,Both Correct
data/processed/test/blue_finger/Screen-Shot-2021-11-22-at-9-14-59-PM_png.rf.9754845a46f8dd808a596d4a33772990.jpg,blue_finger,blue_finger,blue_finger,True,True,Both Correct
data/processed/test/blue_finger/Screen-Shot-2021-11-22-at-9-15-03-PM_png.rf.0ca2b665877c5ea8efe18dd32b984fb0.jpg,blue_finger,blue_finger,blue_finger,True,True,Both Correct
data/processed/test/blue_finger/Screen-Shot-2021-11-22-at-9-21-08-PM_png.rf.7629e9308b9daf87d7f382aed6484ffc.jpg,blue_finger,blue_finger,blue_finger,True,True,Both Correct
data/processed/test/blue_finger/Screen-Shot-2021-11-22-at-9-21-16-PM_png.rf.3d91d82844db3c62c756fcf83380dc86.jpg,blue_finger,blue_finger,blue_finger,True,True,Both Correct
data/processed/test/blue_finger/Screen-Shot-2021-11-22-at-9-21-29-PM_png.rf.40e53d088645919548dd48db035fbe43.jpg,blue_finger,blue_finger,blue_finger,True,True,Both Correct
data/processed/test/blue_finger/Screen-Shot-2021-11-22-at-9-22-07-PM_png.rf.4d30071c130d972080b3785c7c01561e.jpg,blue_finger,blue_finger,blue_finger,True,True,Both Correct
data/processed/test/blue_finger/Screen-Shot-2021-11-22-at-9-22-07-PM_png.rf.a1d378a55d47c364fc0a76bb561ec87c.jpg,blue_finger,blue_finger,blue_finger,True,True,Both Correct
data/processed/test/blue_finger/Screen-Shot-2021-11-22-at-9-46-05-PM_png.rf.13a0a4edd6a71541b44ff9c5c285767d.jpg,blue_finger,blue_finger,blue_finger,True,True,Both Correct
data/processed/test/blue_finger/Screen-Shot-2021-11-22-at-9-46-24-PM_png.rf.f1a68de9eacbc4cd145b70e320ef0cc3.jpg,blue_finger,blue_finger,blue_finger,True,True,Both Correct
data/processed/test/blue_finger/Screen-Shot-2021-11-22-at-9-47-35-PM_png.rf.505a66d48d60cb030e85e72d119e7f37.jpg,blue_finger,blue_finger,blue_finger,True,True,Both Correct
data/processed/test/blue_finger/Screen-Shot-2021-11-22-at-9-47-46-PM_png.rf.5767f23837819a3424406e0bcaca9c1e.jpg,blue_finger,blue_finger,blue_finger,True,True,Both Correct
data/processed/test/blue_finger/Screen-Shot-2021-11-22-at-9-48-08-PM_png.rf.b8d10c7bcecb25a76368119160145050.jpg,blue_finger,blue_finger,blue_finger,True,True,Both Correct
data/processed/test/blue_finger/Screen-Shot-2021-11-22-at-9-48-12-PM_png.rf.053a264251be1a0ec09ec9bfc2afbe6f.jpg,blue_finger,blue_finger,blue_finger,True,True,Both Correct
data/processed/test/blue_finger/Screen-Shot-2021-11-22-at-9-52-22-PM_png.rf.b23cbd970380f38ba9248ff79feefbf7.jpg,blue_finger,blue_finger,blue_finger,True,True,Both Correct
data/processed/test/blue_finger/Screen-Shot-2021-11-22-at-9-52-28-PM_png.rf.5fbfb09ce288bf9a626d87bc6a112df1.jpg,blue_finger,blue_finger,blue_finger,True,True,Both Correct
data/processed/test/clubbing/Screen-Shot-2021-10-26-at-10-55-01-AM_png.rf.5f2e03aeb43211ebbb6a444ba152cba9.jpg,clubbing,clubbing,clubbing,True,True,Both Correct
data/processed/test/clubbing/Screen-Shot-2021-10-26-at-10-55-32-AM_png.rf.0840a231643150725432dabc8d30e8cc.jpg,clubbing,clubbing,clubbing,True,True,Both Correct
data/processed/test/clubbing/Screen-Shot-2021-10-26-at-10-56-07-AM_png.rf.ae07df95a8e9c42a2252e03674b66586.jpg,clubbing,clubbing,clubbing,True,True,Both Correct
data/processed/test/clubbing/Screen-Shot-2021-10-26-at-10-56-32-AM_png.rf.c4cac3f6cf2d3548b6ef8ca807e46b24.jpg,clubbing,clubbing,clubbing,True,True,Both Correct
data/processed/test/clubbing/Screen-Shot-2021-10-26-at-10-59-07-AM_png.rf.823070e42ed6f44abff710ccc1b081c6.jpg,clubbing,clubbing,Onychogryphosis,True,False,Only EfficientNet Correct
data/processed/test/clubbing/Screen-Shot-2021-10-26-at-11-06-37-AM_png.rf.848db8082735038b6d175424e105ecd1.jpg,clubbing,clubbing,clubbing,True,True,Both Correct
data/processed/test/clubbing/Screen-Shot-2021-10-26-at-11-11-50-AM_png.rf.b2d73c991f1ccea144f06be455b8a88e.jpg,clubbing,clubbing,clubbing,True,True,Both Correct
data/processed/test/clubbing/Screen-Shot-2021-10-26-at-12-09-28-PM_png.rf.1b2bfb63b6e848f2cb0257c23a2a356b.jpg,clubbing,clubbing,clubbing,True,True,Both Correct
data/processed/test/clubbing/Screen-Shot-2021-10-26-at-12-10-09-PM_png.rf.f4c82e47c0a61911dfac76d4ea33990f.jpg,clubbing,clubbing,clubbing,True,True,Both Correct
data/processed/test/clubbing/Screen-Shot-2021-10-26-at-12-10-57-PM_png.rf.0873270d15ef63fa42d0840d1b0e585f.jpg,clubbing,clubbing,clubbing,True,True,Both Correct
data/processed/test/clubbing/Screen-Shot-2021-10-26-at-12-11-28-PM_png.rf.15b3ed6c2c4a71a625e70dca3640efa7.jpg,clubbing,clubbing,clubbing,True,True,Both Correct
data/processed/test/clubbing/Screen-Shot-2021-10-26-at-12-15-17-PM_png.rf.ffbfed825ee6e11a40fc20fc3de957b3.jpg,clubbing,clubbing,clubbing,True,True,Both Correct
data/processed/test/clubbing/Screen-Shot-2021-10-26-at-12-17-59-PM_png.rf.8950a258a5ec8868257ad1be50b04757.jpg,clubbing,clubbing,clubbing,True,True,Both Correct
data/processed/test/clubbing/Screen-Shot-2021-10-26-at-12-18-05-PM_png.rf.c44192826aa24181590b3dc3ee04f513.jpg,clubbing,clubbing,clubbing,True,True,Both Correct
data/processed/test/clubbing/Screen-Shot-2021-10-26-at-12-18-14-PM_png.rf.a1c111dcf95d2ace421b0247b930ee4d.jpg,clubbing,clubbing,clubbing,True,True,Both Correct
data/processed/test/clubbing/Screen-Shot-2021-10-26-at-12-18-14-PM_png.rf.aaecc0ac15292ccbd8fb3c73e10f73cc.jpg,clubbing,clubbing,clubbing,True,True,Both Correct
data/processed/test/clubbing/Screen-Shot-2021-10-26-at-12-19-42-PM_png.rf.a207d95975adf673c2ed337972c0e473.jpg,clubbing,clubbing,clubbing,True,True,Both Correct
data/processed/test/clubbing/Screen-Shot-2021-10-26-at-12-20-45-PM_png.rf.825c42cb87cfc4149f8544f071197394.jpg,clubbing,clubbing,clubbing,True,True,Both Correct
data/processed/test/clubbing/Screen-Shot-2021-11-22-at-10-03-16-AM_png.rf.64f08adc096c4e23701c831236c16823.jpg,clubbing,clubbing,clubbing,True,True,Both Correct
data/processed/test/clubbing/Screen-Shot-2021-11-22-at-10-03-41-AM_png.rf.906702d00e7575645cf16fb52d1f5e66.jpg,clubbing,clubbing,clubbing,True,True,Both Correct
data/processed/test/clubbing/Screen-Shot-2021-11-22-at-10-04-13-AM_png.rf.3562a50510bd354ef11b00e371311238.jpg,clubbing,clubbing,clubbing,True,True,Both Correct
data/processed/test/clubbing/Screen-Shot-2021-11-22-at-10-06-39-AM_png.rf.58ef1df86a89e82334ee24c5665b4aae.jpg,clubbing,clubbing,clubbing,True,True,Both Correct
data/processed/test/clubbing/Screen-Shot-2021-11-22-at-10-07-11-AM_png.rf.4e2bbc8165ef7bac6abab2c215915d9a.jpg,clubbing,clubbing,clubbing,True,True,Both Correct
data/processed/test/clubbing/Screen-Shot-2021-11-22-at-10-07-55-AM_png.rf.88f7d63e8831b420c94925e9f9b1ec9b.jpg,clubbing,clubbing,clubbing,True,True,Both Correct
data/processed/test/clubbing/Screen-Shot-2021-11-22-at-10-07-58-AM_png.rf.0d670f2167ff3db0d399cf00489fa9fa.jpg,clubbing,clubbing,clubbing,True,True,Both Correct
data/processed/test/clubbing/Screen-Shot-2021-11-22-at-10-08-21-AM_png.rf.1ec690cd167e11390f43845b7f85ccab.jpg,clubbing,clubbing,clubbing,True,True,Both Correct
data/processed/test/clubbing/Screen-Shot-2021-11-22-at-10-08-26-AM_png.rf.992852a9de4863cbb6c6bb2fc8ef7925.jpg,clubbing,clubbing,clubbing,True,True,Both Correct
data/processed/test/clubbing/Screen-Shot-2021-11-22-at-10-08-26-AM_png.rf.e3f3a71763229d71ad20488913be885b.jpg,clubbing,clubbing,clubbing,True,True,Both Correct
data/processed/test/clubbing/Screen-Shot-2021-11-22-at-10-08-34-AM_png.rf.a12c3f2112961f9dce6ef7a8b7bc37c6.jpg,clubbing,clubbing,clubbing,True,True,Both Correct
data/processed/test/clubbing/Screen-Shot-2021-11-22-at-10-08-48-AM_png.rf.1f67f0f26661405d908c290b74fbab6d.jpg,clubbing,clubbing,clubbing,True,True,Both Correct
data/processed/test/clubbing/Screen-Shot-2021-11-22-at-10-08-48-AM_png.rf.a35cb96c1b4932b38675baa4da6442c8.jpg,clubbing,clubbing,clubbing,True,True,Both Correct
data/processed/test/clubbing/Screen-Shot-2021-11-22-at-10-08-54-AM_png.rf.58db074772c1c19fe21ba955fca0c1fa.jpg,clubbing,clubbing,clubbing,True,True,Both Correct
data/processed/test/clubbing/Screen-Shot-2021-11-22-at-10-08-58-AM_png.rf.891a59a684e4aa130584feb57c36844f.jpg,clubbing,clubbing,clubbing,True,True,Both Correct
data/processed/test/clubbing/Screen-Shot-2021-11-22-at-10-09-14-AM_png.rf.b34027fd03440771ddfa1bb721b55345.jpg,clubbing,clubbing,clubbing,True,True,Both Correct
data/processed/test/clubbing/Screen-Shot-2021-11-22-at-10-09-18-AM_png.rf.f026b272b907c1bd3c1cae540e63cf77.jpg,clubbing,clubbing,clubbing,True,True,Both Correct
data/processed/test/clubbing/Screen-Shot-2021-11-22-at-10-14-30-PM_png.rf.6264f590e12ffb013d85062089029f3d.jpg,clubbing,clubbing,clubbing,True,True,Both Correct
data/processed/test/clubbing/Screen-Shot-2021-11-22-at-10-15-44-PM_png.rf.59970395942ab249a252978800d02709.jpg,clubbing,clubbing,clubbing,True,True,Both Correct
data/processed/test/clubbing/Screen-Shot-2021-11-22-at-4-55-22-PM_png.rf.c32c1d79a3ca22a518b487956deb4a70.jpg,clubbing,clubbing,clubbing,True,True,Both Correct
data/processed/test/clubbing/Screen-Shot-2021-11-22-at-4-55-25-PM_png.rf.c60c3ccf8f66f9161f6360b0b75bff71.jpg,clubbing,clubbing,clubbing,True,True,Both Correct
data/processed/test/clubbing/Screen-Shot-2021-11-22-at-5-01-12-PM_png.rf.f3dd030bb4700f6fc1d50126ef72d710.jpg,clubbing,clubbing,clubbing,True,True,Both Correct
data/processed/test/clubbing/Screen-Shot-2021-11-22-at-8-05-33-AM_png.rf.d9d0293f6039183897c66c2c1bd13d58.jpg,clubbing,clubbing,blue_finger,True,False,Only EfficientNet Correct
data/processed/test/clubbing/Screen-Shot-2021-11-22-at-8-07-54-AM_png.rf.e96b06941e97472672758cd4c6805ea5.jpg,clubbing,clubbing,clubbing,True,True,Both Correct
data/processed/test/clubbing/Screen-Shot-2021-11-22-at-8-13-50-AM_png.rf.bc822cb53b1ef5353230a7d662c58461.jpg,clubbing,clubbing,clubbing,True,True,Both Correct
data/processed/test/clubbing/Screen-Shot-2021-11-22-at-8-13-50-AM_png.rf.f0a8f1e1c14da7c8d26cbd4bbaa5d06f.jpg,clubbing,clubbing,clubbing,True,True,Both Correct
data/processed/test/clubbing/Screen-Shot-2021-11-22-at-8-17-06-AM_png.rf.43dd941178ffd7250648e78678a01c97.jpg,clubbing,clubbing,clubbing,True,True,Both Correct
data/processed/test/clubbing/Screen-Shot-2021-11-22-at-8-17-11-AM_png.rf.ba1dfc85d4eba51c26ea6a0391e8a164.jpg,clubbing,clubbing,clubbing,True,True,Both Correct
data/processed/test/clubbing/Screen-Shot-2021-11-22-at-8-17-57-AM_png.rf.9b4e7008be1b4109042bf228911dae0f.jpg,clubbing,clubbing,clubbing,True,True,Both Correct
data/processed/test/clubbing/Screen-Shot-2021-11-22-at-8-20-33-AM_png.rf.9db53c5bca070888b82ee3ce77d36402.jpg,clubbing,clubbing,clubbing,True,True,Both Correct
data/processed/test/clubbing/Screen-Shot-2021-11-22-at-8-20-33-AM_png.rf.b7160c4cb2cbf61432d59885aa2ef685.jpg,clubbing,clubbing,clubbing,True,True,Both Correct
data/processed/test/clubbing/Screen-Shot-2021-11-22-at-8-22-42-AM_png.rf.e80ff2bfd285183499834eb56c2bb7aa.jpg,clubbing,clubbing,clubbing,True,True,Both Correct
data/processed/test/clubbing/Screen-Shot-2021-11-22-at-8-23-26-AM_png.rf.05e4a199e9fb81db9530318ae77ede87.jpg,clubbing,clubbing,clubbing,True,True,Both Correct
data/processed/test/clubbing/Screen-Shot-2021-11-22-at-8-24-20-AM_png.rf.6244638f2ee4017f89bd4af7761fc93b.jpg,clubbing,clubbing,clubbing,True,True,Both Correct
data/processed/test/clubbing/Screen-Shot-2021-11-22-at-8-24-28-AM_png.rf.646ce5615bd3fa4ca32501f3459b98f4.jpg,clubbing,clubbing,clubbing,True,True,Both Correct
data/processed/test/clubbing/Screen-Shot-2021-11-22-at-8-26-00-AM_png.rf.4267e7cc1df3c74e5a03e3f94363f120.jpg,clubbing,clubbing,clubbing,True,True,Both Correct
data/processed/test/clubbing/Screen-Shot-2021-11-22-at-8-28-12-AM_png.rf.4abdff903c407e7b25027fb3c800c0ef.jpg,clubbing,clubbing,clubbing,True,True,Both Correct
data/processed/test/clubbing/Screen-Shot-2021-11-22-at-8-28-22-AM_png.rf.71818e1225bab4d82ebb3c2fffde4bd4.jpg,clubbing,clubbing,clubbing,True,True,Both Correct
data/processed/test/clubbing/Screen-Shot-2021-11-22-at-8-28-22-AM_png.rf.ef9bef5c9f26b0daac69bbf74ea5fcb2.jpg,clubbing,clubbing,clubbing,True,True,Both Correct
data/processed/test/clubbing/Screen-Shot-2021-11-22-at-8-30-42-AM_png.rf.b7a30351aa88c649ee5d3bc45091151b.jpg,clubbing,clubbing,clubbing,True,True,Both Correct
data/processed/test/clubbing/Screen-Shot-2021-11-22-at-8-30-46-AM_png.rf.cab2f9119a8d7ba60ab7aa77b752cd52.jpg,clubbing,clubbing,clubbing,True,True,Both Correct
data/processed/test/clubbing/Screen-Shot-2021-11-22-at-8-35-57-AM_png.rf.01ad598806819c2301ec5e6ab4eb41e3.jpg,clubbing,clubbing,clubbing,True,True,Both Correct
data/processed/test/clubbing/Screen-Shot-2021-11-22-at-8-35-57-AM_png.rf.351680c7a59b4ac1813c3745d5e4f262.jpg,clubbing,clubbing,clubbing,True,True,Both Correct
data/processed/test/clubbing/Screen-Shot-2021-11-22-at-8-36-52-AM_png.rf.3be64201c01c27b2b3a9edcbea8b209e.jpg,clubbing,clubbing,clubbing,True,True,Both Correct
data/processed/test/clubbing/Screen-Shot-2021-11-22-at-8-36-52-AM_png.rf.f86f0b2533b3d4166fa3acc0fefb05bc.jpg,clubbing,clubbing,clubbing,True,True,Both Correct
data/processed/test/clubbing/Screen-Shot-2021-11-22-at-8-40-06-AM_png.rf.d95ab12cabe0c32e56cf72b9cd9fe779.jpg,clubbing,clubbing,clubbing,True,True,Both Correct
data/processed/test/clubbing/Screen-Shot-2021-11-22-at-8-44-44-AM_png.rf.f111cda1cf4b4f51d5edae527d5b45b8.jpg,clubbing,clubbing,clubbing,True,True,Both Correct
data/processed/test/clubbing/Screen-Shot-2021-11-22-at-8-44-48-AM_png.rf.4dd1941561265e606fde5de0776d637d.jpg,clubbing,clubbing,clubbing,True,True,Both Correct
data/processed/test/clubbing/Screen-Shot-2021-11-22-at-8-44-54-AM_png.rf.1958a178c3e962063d9721f589e78484.jpg,clubbing,clubbing,clubbing,True,True,Both Correct
data/processed/test/clubbing/Screen-Shot-2021-11-22-at-8-45-05-AM_png.rf.46b44e46fb9edc4f9c966c107c72045d.jpg,clubbing,clubbing,clubbing,True,True,Both Correct
data/processed/test/clubbing/Screen-Shot-2021-11-22-at-8-45-38-AM_png.rf.d6e8d529d948d5c45e1c4b2b540d1628.jpg,clubbing,clubbing,clubbing,True,True,Both Correct
data/processed/test/clubbing/Screen-Shot-2021-11-22-at-8-46-56-AM_png.rf.6b360725b3b913902827498fa401433e.jpg,clubbing,clubbing,clubbing,True,True,Both Correct
data/processed/test/clubbing/Screen-Shot-2021-11-22-at-8-59-55-AM_png.rf.b6dfb68ee47bf0f2b704662d42520539.jpg,clubbing,clubbing,clubbing,True,True,Both Correct
data/processed/test/clubbing/Screen-Shot-2021-11-22-at-9-00-08-AM_png.rf.4b9a26de9e1704a230905ec0e1db3a91.jpg,clubbing,clubbing,clubbing,True,True,Both Correct
data/processed/test/clubbing/Screen-Shot-2021-11-22-at-9-00-17-AM_png.rf.ecc8dc4624dfa721a8e63b13f0b56adb.jpg,clubbing,clubbing,clubbing,True,True,Both Correct
data/processed/test/clubbing/Screen-Shot-2021-11-22-at-9-02-53-AM_png.rf.df8b88d5cdf9f8ee491d57490a1b97fc.jpg,clubbing,clubbing,clubbing,True,True,Both Correct
data/processed/test/clubbing/Screen-Shot-2021-11-22-at-9-03-22-AM_png.rf.2fd6ae5ef8d0f22b5bdea06fdb6aa329.jpg,clubbing,clubbing,clubbing,True,True,Both Correct
data/processed/test/clubbing/Screen-Shot-2021-11-22-at-9-07-23-AM_png.rf.aa52a8f565a0ec4fa48ba004d7094298.jpg,clubbing,clubbing,clubbing,True,True,Both Correct
data/processed/test/clubbing/Screen-Shot-2021-11-22-at-9-07-23-AM_png.rf.db6bca37bd7bfda7b5d6da71d40ed410.jpg,clubbing,clubbing,clubbing,True,True,Both Correct
data/processed/test/clubbing/Screen-Shot-2021-11-22-at-9-09-23-AM_png.rf.678a6ceb45cc8a27d6eb1a0ae004e656.jpg,clubbing,clubbing,clubbing,True,True,Both Correct
data/processed/test/clubbing/Screen-Shot-2021-11-22-at-9-09-32-AM_png.rf.0df87e571cc956b4b9da457ff332ee0e.jpg,clubbing,clubbing,clubbing,True,True,Both Correct
data/processed/test/clubbing/Screen-Shot-2021-11-22-at-9-10-55-AM_png.rf.f8dd88bda4d055bdaf662c677c46a48b.jpg,clubbing,clubbing,clubbing,True,True,Both Correct
data/processed/test/clubbing/Screen-Shot-2021-11-22-at-9-12-35-AM_png.rf.48e25c6114eea35771442885c3a4740f.jpg,clubbing,clubbing,clubbing,True,True,Both Correct
data/processed/test/clubbing/Screen-Shot-2021-11-22-at-9-12-35-AM_png.rf.650fbda673c7c782077388543f291bed.jpg,clubbing,clubbing,clubbing,True,True,Both Correct
data/processed/test/clubbing/Screen-Shot-2021-11-22-at-9-12-35-AM_png.rf.796c65436da4dbb24e906ce9c038e2c8.jpg,clubbing,clubbing,clubbing,True,True,Both Correct
data/processed/test/clubbing/Screen-Shot-2021-11-22-at-9-12-51-AM_png.rf.0a54eac2bc2ca91fd855075b1596320b.jpg,clubbing,clubbing,clubbing,True,True,Both Correct
data/processed/test/clubbing/Screen-Shot-2021-11-22-at-9-12-51-AM_png.rf.49f7c3abaceded834ab9337a3a63edc0.jpg,clubbing,clubbing,clubbing,True,True,Both Correct
data/processed/test/clubbing/Screen-Shot-2021-11-22-at-9-13-27-AM_png.rf.d3e03b8c8717e761575477810bfe73f6.jpg,clubbing,clubbing,clubbing,True,True,Both Correct
data/processed/test/clubbing/Screen-Shot-2021-11-22-at-9-15-35-AM_png.rf.a97de4275841aadcb7fa2c7838b4db1b.jpg,clubbing,clubbing,clubbing,True,True,Both Correct
data/processed/test/clubbing/Screen-Shot-2021-11-22-at-9-23-26-AM_png.rf.9994386352d8c8eeff37bce1fb901387.jpg,clubbing,clubbing,clubbing,True,True,Both Correct
data/processed/test/clubbing/Screen-Shot-2021-11-22-at-9-23-46-AM_png.rf.db710c6fd04556ba4801ad5a1eaab126.jpg,clubbing,clubbing,clubbing,True,True,Both Correct
data/processed/test/clubbing/Screen-Shot-2021-11-22-at-9-23-46-AM_png.rf.fec46fe89aeb12d01fc837392dd42933.jpg,clubbing,clubbing,clubbing,True,True,Both Correct
data/processed/test/clubbing/Screen-Shot-2021-11-22-at-9-24-05-AM_png.rf.f2995c3f305ac8dd90a1248dbe331508.jpg,clubbing,clubbing,clubbing,True,True,Both Correct
data/processed/test/clubbing/Screen-Shot-2021-11-22-at-9-24-37-AM_png.rf.4d09dea1023fdc0d357582f4d4b785f3.jpg,clubbing,clubbing,clubbing,True,True,Both Correct
data/processed/test/clubbing/Screen-Shot-2021-11-22-at-9-24-45-AM_png.rf.0cf23ca344639d3e905649630b60fee6.jpg,clubbing,blue_finger,clubbing,False,True,Only Proposed Model Correct
data/processed/test/clubbing/Screen-Shot-2021-11-22-at-9-24-45-AM_png.rf.672d00f519f7e509a26493303645a3b4.jpg,clubbing,clubbing,clubbing,True,True,Both Correct
data/processed/test/clubbing/Screen-Shot-2021-11-22-at-9-24-45-AM_png.rf.6cf4fc8c4311a3643dedf28f15453e70.jpg,clubbing,clubbing,clubbing,True,True,Both Correct
data/processed/test/clubbing/Screen-Shot-2021-11-22-at-9-27-45-AM_png.rf.5046c5a89ab861f4d84232b901ea8cd9.jpg,clubbing,clubbing,clubbing,True,True,Both Correct
data/processed/test/clubbing/Screen-Shot-2021-11-22-at-9-27-51-AM_png.rf.8e6a92146227390b94e99e61bd10c86c.jpg,clubbing,clubbing,clubbing,True,True,Both Correct
data/processed/test/clubbing/Screen-Shot-2021-11-22-at-9-31-39-AM_png.rf.555324671795713ce6d995bdeea74e73.jpg,clubbing,clubbing,clubbing,True,True,Both Correct
data/processed/test/clubbing/Screen-Shot-2021-11-22-at-9-32-29-AM_png.rf.765965c76a4b654e86b8a484d703fd25.jpg,clubbing,clubbing,clubbing,True,True,Both Correct
data/processed/test/clubbing/Screen-Shot-2021-11-22-at-9-32-29-AM_png.rf.cd375c15ccba6d1a6ff951941def24da.jpg,clubbing,clubbing,clubbing,True,True,Both Correct
data/processed/test/clubbing/Screen-Shot-2021-11-22-at-9-34-36-AM_png.rf.45f9e092dc84cf51593207ab2e7c43ae.jpg,clubbing,clubbing,clubbing,True,True,Both Correct
data/processed/test/clubbing/Screen-Shot-2021-11-22-at-9-37-40-AM_png.rf.b684d83c144a38eb2c052ab08fe85089.jpg,clubbing,clubbing,clubbing,True,True,Both Correct
data/processed/test/clubbing/Screen-Shot-2021-11-22-at-9-37-40-AM_png.rf.ca50435bef56ddeb8e5bfe7266077ce9.jpg,clubbing,clubbing,clubbing,True,True,Both Correct
data/processed/test/clubbing/Screen-Shot-2021-11-22-at-9-40-07-AM_png.rf.9dc1009f07d7125bb0806fe5f9ba47cc.jpg,clubbing,clubbing,clubbing,True,True,Both Correct
data/processed/test/clubbing/Screen-Shot-2021-11-22-at-9-43-45-AM_png.rf.56fee80d27742f442483f6b027ee264e.jpg,clubbing,clubbing,clubbing,True,True,Both Correct
data/processed/test/clubbing/Screen-Shot-2021-11-22-at-9-44-03-AM_png.rf.9401cc63fb535352ac86210116e80ab8.jpg,clubbing,clubbing,clubbing,True,True,Both Correct
data/processed/test/clubbing/Screen-Shot-2021-11-22-at-9-44-21-AM_png.rf.50b585f50a7a4210279659b499d803d4.jpg,clubbing,clubbing,clubbing,True,True,Both Correct
data/processed/test/clubbing/Screen-Shot-2021-11-22-at-9-44-40-AM_png.rf.b86d00c09dce9b97af3940e831451e54.jpg,clubbing,clubbing,clubbing,True,True,Both Correct
data/processed/test/clubbing/Screen-Shot-2021-11-22-at-9-46-12-AM_png.rf.46e1daca426e6e5f8f6c27e540bb28e1.jpg,clubbing,clubbing,clubbing,True,True,Both Correct
data/processed/test/clubbing/Screen-Shot-2021-11-22-at-9-46-26-AM_png.rf.d3740348b45a14f9b95d15cb5e006885.jpg,clubbing,clubbing,clubbing,True,True,Both Correct
data/processed/test/clubbing/Screen-Shot-2021-11-22-at-9-47-47-AM_png.rf.02c095bdea32f613b07cdb6a4b520e8f.jpg,clubbing,clubbing,clubbing,True,True,Both Correct
data/processed/test/clubbing/Screen-Shot-2021-11-22-at-9-47-47-AM_png.rf.8fe4165935f688aa623924e02bc3e742.jpg,clubbing,clubbing,clubbing,True,True,Both Correct
data/processed/test/clubbing/Screen-Shot-2021-11-22-at-9-51-13-AM_png.rf.13f4b161a98ed0705b4e56c958779034.jpg,clubbing,clubbing,clubbing,True,True,Both Correct
data/processed/test/clubbing/Screen-Shot-2021-11-22-at-9-51-13-AM_png.rf.807c98d7e07ed9d1a1d7b28df5ff54d7.jpg,clubbing,clubbing,clubbing,True,True,Both Correct
data/processed/test/clubbing/Screen-Shot-2021-11-22-at-9-51-19-AM_png.rf.3582c1a69fb0c9d647ae4e0ae48801c7.jpg,clubbing,clubbing,clubbing,True,True,Both Correct
data/processed/test/clubbing/Screen-Shot-2021-11-22-at-9-54-00-AM_png.rf.a1cb3285513e08923efd4ae8701c77ba.jpg,clubbing,clubbing,clubbing,True,True,Both Correct
data/processed/test/clubbing/Screen-Shot-2021-11-22-at-9-54-05-AM_png.rf.042afb5867566686adb519a5eb0cc372.jpg,clubbing,clubbing,clubbing,True,True,Both Correct
data/processed/test/clubbing/Screen-Shot-2021-11-22-at-9-56-30-AM_png.rf.10eeab93960298c89432e2b5f9c7706b.jpg,clubbing,clubbing,clubbing,True,True,Both Correct
data/processed/test/pitting/108_JPG.rf.40d1720769393f88f2f33a1551a3e2f1.jpg,pitting,pitting,pitting,True,True,Both Correct
data/processed/test/pitting/108_JPG.rf.8dab79a581652b65c98389790e2f67e5.jpg,pitting,pitting,pitting,True,True,Both Correct
data/processed/test/pitting/116_JPG.rf.09b6228a6798c4faafb6a84c783ccfa9.jpg,pitting,pitting,pitting,True,True,Both Correct
data/processed/test/pitting/119_jpg.rf.8b99f606c9d97456821251f39b0de1a6.jpg,pitting,pitting,pitting,True,True,Both Correct
data/processed/test/pitting/11_png.rf.3acafe927a60a1c1c05ac7b115c19b5b.jpg,pitting,pitting,pitting,True,True,Both Correct
data/processed/test/pitting/124_JPG.rf.50d57fdbe05ba48917dd86dbd38e35e2.jpg,pitting,pitting,pitting,True,True,Both Correct
data/processed/test/pitting/124_JPG.rf.9dfea669f5725b6bf16266aa68de98f0.jpg,pitting,pitting,pitting,True,True,Both Correct
data/processed/test/pitting/126_JPG.rf.8e3c38017672c29a316b3884721fa786.jpg,pitting,pitting,pitting,True,True,Both Correct
data/processed/test/pitting/127_JPG.rf.8e4b2d61de934f2ca8bc127a5e889c93.jpg,pitting,pitting,pitting,True,True,Both Correct
data/processed/test/pitting/133_JPG.rf.926bfbd8694399db8bca576b390f7024.jpg,pitting,pitting,pitting,True,True,Both Correct
data/processed/test/pitting/135_JPG.rf.9df3f55d65600846feee4b283eac6d5a.jpg,pitting,pitting,pitting,True,True,Both Correct
data/processed/test/pitting/138_JPG.rf.343a765ce45a0f4c3cbb51d639cdaf96.jpg,pitting,pitting,pitting,True,True,Both Correct
data/processed/test/pitting/139_jpg.rf.cfbb2c717214ef727d1e9df7e8d4f195.jpg,pitting,pitting,pitting,True,True,Both Correct
data/processed/test/pitting/149_JPG.rf.6115fa9ab7322a035bda51469282c880.jpg,pitting,pitting,pitting,True,True,Both Correct
data/processed/test/pitting/151_JPG.rf.8ee44e6dc45b3f372ad4bddc343c8ce3.jpg,pitting,pitting,pitting,True,True,Both Correct
data/processed/test/pitting/159_JPG.rf.75e8e7071a4ef28cf220571b9574f13a.jpg,pitting,pitting,pitting,True,True,Both Correct
data/processed/test/pitting/160_JPG.rf.5e215e7d14e1e139300f032cb107c6d6.jpg,pitting,pitting,pitting,True,True,Both Correct
data/processed/test/pitting/164_JPG.rf.23a3a9830c0cd70cdf0d2dd57716bf17.jpg,pitting,pitting,pitting,True,True,Both Correct
data/processed/test/pitting/166_jpg.rf.55c1aace0868bfab89bcd082d40663c0.jpg,pitting,pitting,pitting,True,True,Both Correct
data/processed/test/pitting/167_jpg.rf.b56f36ab013137008e4ac4215924918c.jpg,pitting,pitting,pitting,True,True,Both Correct
data/processed/test/pitting/170_jpg.rf.787c50c3da5159db6f777eed1e32bc61.jpg,pitting,pitting,pitting,True,True,Both Correct
data/processed/test/pitting/175_jpg.rf.7eabce046b102ba4fcbd9a9146e2dca0.jpg,pitting,pitting,pitting,True,True,Both Correct
data/processed/test/pitting/176_JPG.rf.3242ec8727ad2be42d4273ab9aba9fd2.jpg,pitting,pitting,pitting,True,True,Both Correct
data/processed/test/pitting/17_JPG.rf.98f366aa36c6c64c3c6eda6df2a01839.jpg,pitting,pitting,pitting,True,True,Both Correct
data/processed/test/pitting/182_JPG.rf.4865053aad8d4ec521a348c4ff477824.jpg,pitting,pitting,pitting,True,True,Both Correct
data/processed/test/pitting/187_JPG.rf.8c80a5b2ad3a343cb7335b03a14049ea.jpg,pitting,pitting,pitting,True,True,Both Correct
data/processed/test/pitting/191_JPG.rf.2e550da841289c1e9987dd8aaae4bf63.jpg,pitting,pitting,pitting,True,True,Both Correct
data/processed/test/pitting/193_JPG.rf.1050b067538579a53ee4deef44c9e4b7.jpg,pitting,pitting,pitting,True,True,Both Correct
data/processed/test/pitting/193_JPG.rf.744032144cc47f608f0069c3f6280a76.jpg,pitting,pitting,pitting,True,True,Both Correct
data/processed/test/pitting/194_JPG.rf.22303522aea827bb7a83402327be123a.jpg,pitting,pitting,pitting,True,True,Both Correct
data/processed/test/pitting/197_JPG.rf.48117710a88fe2b0cf96f5bc9332f162.jpg,pitting,pitting,pitting,True,True,Both Correct
data/processed/test/pitting/204_JPG.rf.f04d4d025923aeb98c297f8ac9cef174.jpg,pitting,pitting,pitting,True,True,Both Correct
data/processed/test/pitting/206_JPG.rf.0ca72ae7568163d06c10e1c40adbd6c5.jpg,pitting,pitting,pitting,True,True,Both Correct
data/processed/test/pitting/209_JPG.rf.55565a335358f438ed25a37cc3bd83a0.jpg,pitting,pitting,pitting,True,True,Both Correct
data/processed/test/pitting/210_JPG.rf.a60fa528afbbf6bf1b01e626d5e8c691.jpg,pitting,pitting,pitting,True,True,Both Correct
data/processed/test/pitting/217_JPG.rf.5410f1eff5eda1ff303d0eb4537173c4.jpg,pitting,pitting,pitting,True,True,Both Correct
data/processed/test/pitting/21_JPG.rf.0d8da1c0a488e4f659d4a200c6b815c5.jpg,pitting,pitting,pitting,True,True,Both Correct
data/processed/test/pitting/220_JPG.rf.79cdc4c45e68afed0c6d3fce5ca4c877.jpg,pitting,pitting,pitting,True,True,Both Correct
data/processed/test/pitting/223_JPG.rf.be844140328cb31f01a0bf604c9e78b2.jpg,pitting,pitting,pitting,True,True,Both Correct
data/processed/test/pitting/227_JPG.rf.6177403cabb6a7e7ced7c1ff66691e48.jpg,pitting,pitting,pitting,True,True,Both Correct
data/processed/test/pitting/230_jpg.rf.25ab4a665db508eeaa05cb42a23a01b4.jpg,pitting,pitting,pitting,True,True,Both Correct
data/processed/test/pitting/235_JPG.rf.61804fcdecfc67c1160427a55bbcc005.jpg,pitting,pitting,pitting,True,True,Both Correct
data/processed/test/pitting/236_jpg.rf.175aa87e91db30ae9e729392ddb794ec.jpg,pitting,pitting,pitting,True,True,Both Correct
data/processed/test/pitting/238_JPG.rf.4d8483d735627e4e5876bf8a49011a54.jpg,pitting,pitting,pitting,True,True,Both Correct
data/processed/test/pitting/238_JPG.rf.adc3d140dc01e596f8d702c2feae7aae.jpg,pitting,pitting,pitting,True,True,Both Correct
data/processed/test/pitting/241_JPG.rf.01131a383281b2d3a43e1f1b3946ac68.jpg,pitting,pitting,pitting,True,True,Both Correct
data/processed/test/pitting/243_jpg.rf.8bfdedf7f519567f3a947c35f6274825.jpg,pitting,pitting,pitting,True,True,Both Correct
data/processed/test/pitting/247_JPG.rf.819163fb6c1e870cd170a927ef66b72a.jpg,pitting,pitting,pitting,True,True,Both Correct
data/processed/test/pitting/251_JPG.rf.0d21198c91d51724b676862bf62321fe.jpg,pitting,pitting,pitting,True,True,Both Correct
data/processed/test/pitting/251_JPG.rf.48c4c67c35053f308d4c972fde788c50.jpg,pitting,pitting,pitting,True,True,Both Correct
data/processed/test/pitting/25_JPG.rf.88e9974981b12a95665b7267ff0a078f.jpg,pitting,pitting,pitting,True,True,Both Correct
data/processed/test/pitting/25_JPG.rf.b6c47482831efb277500b134685677e6.jpg,pitting,pitting,pitting,True,True,Both Correct
data/processed/test/pitting/265_jpg.rf.d2ae9c48bc4375dc04b662a9685143e4.jpg,pitting,pitting,pitting,True,True,Both Correct
data/processed/test/pitting/266_JPG.rf.26d421fddbf545f4c907e34f5d98496a.jpg,pitting,pitting,pitting,True,True,Both Correct
data/processed/test/pitting/268_JPG.rf.3fb0f6a93730fb27ad780cbdb8382ed8.jpg,pitting,pitting,pitting,True,True,Both Correct
data/processed/test/pitting/272_jpg.rf.70a63e08bc17a69600c13dce11760900.jpg,pitting,clubbing,Acral_Lentiginous_Melanoma,False,False,Both Incorrect
data/processed/test/pitting/272_jpg.rf.cfc92e83f033e5aaa1c749c21d380b76.jpg,pitting,blue_finger,Acral_Lentiginous_Melanoma,False,False,Both Incorrect
data/processed/test/pitting/273_JPG.rf.9c5a81574acc80fd7cce0549f7a0dfe2.jpg,pitting,pitting,pitting,True,True,Both Correct
data/processed/test/pitting/273_JPG.rf.b07ea37530876890afa4bf5cdede9c4c.jpg,pitting,pitting,pitting,True,True,Both Correct
data/processed/test/pitting/27_JPG.rf.c624cc83fa29d13bfb9a8de550308f4c.jpg,pitting,pitting,pitting,True,True,Both Correct
data/processed/test/pitting/283_JPG.rf.41d5680f45c8cd1b3aaaf76599d9d428.jpg,pitting,pitting,pitting,True,True,Both Correct
data/processed/test/pitting/283_JPG.rf.b0228bf44a39c838aeadc1ecbe0bc177.jpg,pitting,pitting,pitting,True,True,Both Correct
data/processed/test/pitting/289_jpg.rf.adaebf2016e6656aac1c829f0db8b7c8.jpg,pitting,pitting,pitting,True,True,Both Correct
data/processed/test/pitting/293_JPG.rf.ae08bdf3dd6225428eef2b060b19c9d5.jpg,pitting,pitting,pitting,True,True,Both Correct
data/processed/test/pitting/293_JPG.rf.f3f2bfeaebb7572103b05be7d40708dc.jpg,pitting,pitting,pitting,True,True,Both Correct
data/processed/test/pitting/306_jpg.rf.6f3ab6cc1fdd98ff23abfed84ded1dec.jpg,pitting,pitting,pitting,True,True,Both Correct
data/processed/test/pitting/306_jpg.rf.bd77586386e09f91d3c4728564f5deaa.jpg,pitting,pitting,pitting,True,True,Both Correct
data/processed/test/pitting/307_jpg.rf.b9a8a4f3e56096edda03c37770f3c425.jpg,pitting,pitting,pitting,True,True,Both Correct
data/processed/test/pitting/309_JPG.rf.4985a709f5e77f90039519e74350bd0f.jpg,pitting,pitting,pitting,True,True,Both Correct
data/processed/test/pitting/309_JPG.rf.e8d1fa1245f2697375205f0fd1d4919d.jpg,pitting,pitting,pitting,True,True,Both Correct
data/processed/test/pitting/318_JPG.rf.c0173ec94d0de1ff51a674fa12baaa1a.jpg,pitting,pitting,pitting,True,True,Both Correct
data/processed/test/pitting/32_JPG.rf.114ba82648617c3c660c156c86c27411.jpg,pitting,pitting,pitting,True,True,Both Correct
data/processed/test/pitting/35_JPG.rf.5db35122afc917faf80e5db480912c5f.jpg,pitting,pitting,pitting,True,True,Both Correct
data/processed/test/pitting/35_JPG.rf.771b0daa3c0232a0bc3eac9dea27ae39.jpg,pitting,pitting,pitting,True,True,Both Correct
data/processed/test/pitting/36_JPG.rf.e4d2c9ab6bac2d84db3beaf02384f973.jpg,pitting,pitting,pitting,True,True,Both Correct
data/processed/test/pitting/37_JPG.rf.192c2d6c4ef6ef0cb0b7a6a405665545.jpg,pitting,pitting,pitting,True,True,Both Correct
data/processed/test/pitting/42_JPG.rf.f2972615668faac9416c0197d4bdc672.jpg,pitting,pitting,pitting,True,True,Both Correct
data/processed/test/pitting/50_JPG.rf.e0ba358b4003b7242e5e2818cc1e649a.jpg,pitting,pitting,pitting,True,True,Both Correct
data/processed/test/pitting/52_JPG.rf.19ad0afda1822cfe4ca09794a0bad9ac.jpg,pitting,pitting,pitting,True,True,Both Correct
data/processed/test/pitting/53_JPG.rf.ffd7ef85d81866daa66f9e2975221f58.jpg,pitting,pitting,pitting,True,True,Both Correct
data/processed/test/pitting/56_JPG.rf.d6b262b70e48930c46cd7301d8dd7a6a.jpg,pitting,pitting,pitting,True,True,Both Correct
data/processed/test/pitting/59_JPG.rf.88f3c5a80b9adb532a6aff2bdd132c0a.jpg,pitting,pitting,pitting,True,True,Both Correct
data/processed/test/pitting/5_JPG.rf.d28647ea5bb64e4906c8465d44a445dc.jpg,pitting,pitting,pitting,True,True,Both Correct
data/processed/test/pitting/63_JPG.rf.88ae502be667ef01a50f614312b01505.jpg,pitting,pitting,pitting,True,True,Both Correct
data/processed/test/pitting/63_JPG.rf.c7fc87b4fae1a2cf47c6d85ed72c4283.jpg,pitting,pitting,pitting,True,True,Both Correct
data/processed/test/pitting/64_JPG.rf.8eb7070ef18a40896dd6c5f88b4b5cee.jpg,pitting,pitting,pitting,True,True,Both Correct
data/processed/test/pitting/65_JPG.rf.0115ec5ab2ddb2ed7afc5fcbd81a7b69.jpg,pitting,pitting,pitting,True,True,Both Correct
data/processed/test/pitting/66_jpg.rf.44626a3dae3f4adbea432c85b72aed52.jpg,pitting,pitting,pitting,True,True,Both Correct
data/processed/test/pitting/68_JPG.rf.6e5d511a034d29e957521853eb7ac0d1.jpg,pitting,pitting,pitting,True,True,Both Correct
data/processed/test/pitting/74_JPG.rf.9e7e62d364ecb759e14ed32e2f9d2f59.jpg,pitting,pitting,pitting,True,True,Both Correct
data/processed/test/pitting/75_JPG.rf.b5e87b1560658eabeef4ae46db975199.jpg,pitting,pitting,pitting,True,True,Both Correct
data/processed/test/pitting/7_JPG.rf.78589204be0bdf18b31f66b98d14dae2.jpg,pitting,pitting,pitting,True,True,Both Correct
data/processed/test/pitting/89_JPG.rf.a7e857ea3d6cc588b3320d9e7f89df5c.jpg,pitting,pitting,pitting,True,True,Both Correct
data/processed/test/pitting/90_JPG.rf.90cf05e9e3aa99b43e842cbddc2fcacc.jpg,pitting,pitting,pitting,True,True,Both Correct
data/processed/test/pitting/90_JPG.rf.d07c77955e569fc092ebaee5d8a89aae.jpg,pitting,pitting,pitting,True,True,Both Correct
data/processed/test/pitting/91_JPG.rf.b56309309c23729cfd2c81e73f627bc9.jpg,pitting,pitting,pitting,True,True,Both Correct
data/processed/test/pitting/91_JPG.rf.ee848f39a582b7468022ea9062b51205.jpg,pitting,pitting,pitting,True,True,Both Correct
data/processed/test/pitting/9_JPG.rf.874798f3e0533bd9bfed669c294bfd2e.jpg,pitting,pitting,pitting,True,True,Both Correct
